Time      ,StringPot
0,0.26
0.1,0.26
0.2,0.26
0.3,0.26
0.4,0.26
0.5,0.26
0.6,0.26
0.7,0.26
0.8,0.26
0.9,0.26
1,0.26
1.1,0.26
1.2,0.26
1.3,0.26
1.4,0.26
1.5,0.26
1.6,0.26
1.7,0.26
1.8,0.26
1.9,0.26
2,0.26
2.1,0.38
2.2,0.74
2.3,1.19
2.4,1.77
2.5,2.55
2.6,3.52
2.7,3.99
2.8,4.37
2.9,4.95
3,5.23
3.1,5.42
3.2,5.54
3.3,5.56
3.4,5.58
3.5,5.71
3.6,5.77
3.7,5.77
3.8,5.77
3.9,5.77
4,5.77
4.1,5.77
4.2,5.77
4.3,5.77
4.4,5.76
4.5,5.77
4.6,5.77
4.7,5.77
4.8,5.77
4.9,5.77
5,5.77
5.1,5.77
5.2,5.77
5.3,5.77
5.4,5.77
5.5,5.77
5.6,5.77
5.7,5.77
5.8,5.77
5.9,5.77
6,5.77
6.1,5.77
6.2,5.77
6.3,5.77
6.4,5.77
6.5,5.77
6.6,5.77
6.7,5.77
6.8,5.77
6.9,5.77
7,5.77
7.1,5.77
7.2,5.77
7.3,5.77
7.4,5.77
7.5,5.77
7.6,5.77
7.7,5.77
7.8,5.77
7.9,5.77
8,5.77
8.1,5.77
8.2,5.77
8.3,5.77
8.4,5.77
8.5,5.77
8.6,5.64
8.7,5.53
8.8,5.33
8.9,5.11
9,4.8
9.1,4.76
9.2,4.76
9.3,4.76
9.4,4.76
9.5,4.76
9.6,4.76
9.7,4.76
9.8,4.76
9.9,4.77
10,4.94
10.1,4.97
10.2,4.97
10.3,4.97
10.4,4.97
10.5,4.96
10.6,4.97
10.7,5.02
10.8,5.02
10.9,5.02
11,5.05
11.1,5.06
11.2,5.08
11.3,5.11
11.4,5.15
11.5,5.17
11.6,5.19
11.7,5.19
11.8,5.23
11.9,5.28
12,5.33
12.1,5.38
12.2,5.46
12.3,5.56
12.4,5.64
12.5,5.68
12.6,5.72
12.7,5.78
12.8,5.78
12.9,5.82
13,5.85
13.1,5.85
13.2,5.85
13.3,5.85
13.4,5.87
13.5,5.92
13.6,5.95
13.7,6
13.8,6.11
13.9,6.16
14,6.28
14.1,6.43
14.2,6.5
14.3,6.59
14.4,6.65
14.5,6.67
14.6,6.7
14.7,6.82
14.8,6.84
14.9,6.84
15,6.84
15.1,6.84
15.2,6.84
15.3,6.84
15.4,6.84
15.5,6.84
15.6,6.88
15.7,6.89
15.8,6.9
15.9,6.89
16,6.88
16.1,6.84
16.2,6.84
16.3,6.84
16.4,6.84
16.5,6.84
16.6,6.84
16.7,6.84
16.8,6.84
16.9,6.84
17,6.83
17.1,6.84
17.2,6.84
17.3,6.84
17.4,6.81
17.5,6.75
17.6,6.73
17.7,6.73
17.8,6.73
17.9,6.72
18,6.73
18.1,6.74
18.2,6.74
18.3,6.79
18.4,6.89
18.5,6.89
18.6,6.9
18.7,6.91
18.8,6.92
18.9,6.92
19,6.92
19.1,6.92
19.2,6.92
19.3,6.92
19.4,6.9
19.5,6.82
19.6,6.82
19.7,6.82
19.8,6.81
19.9,6.73
20,6.73
20.1,6.72
20.2,6.72
20.3,6.69
20.4,6.63
20.5,6.63
20.6,6.63
20.7,6.6
20.8,6.52
20.9,6.5
21,6.48
21.1,6.46
21.2,6.45
21.3,6.44
21.4,6.44
21.5,6.4
21.6,6.4
21.7,6.4
21.8,6.34
21.9,6.31
22,6.11
22.1,6.1
22.2,6.08
22.3,5.83
22.4,5.79
22.5,5.79
22.6,5.79
22.7,5.87
22.8,5.93
22.9,6
23,6.05
23.1,6.14
23.2,6.23
23.3,6.29
23.4,6.3
23.5,6.33
23.6,6.33
23.7,6.33
23.8,6.33
23.9,6.33
24,6.33
24.1,6.33
24.2,6.33
24.3,6.33
24.4,6.33
24.5,6.33
24.6,6.33
24.7,6.33
24.8,6.33
24.9,6.33
25,6.33
25.1,6.33
25.2,6.33
25.3,6.33
25.4,6.19
25.5,6.06
25.6,6.07
25.7,6.07
25.8,6.07
25.9,6.07
26,6.07
26.1,6.07
26.2,6.07
26.3,6.07
26.4,6.07
26.5,6.07
26.6,6.08
26.7,6.14
26.8,6.22
26.9,6.34
27,6.37
27.1,6.44
27.2,6.44
27.3,6.44
27.4,6.44
27.5,6.44
27.6,6.44
27.7,6.42
27.8,6.4
27.9,6.38
28,6.4
28.1,6.39
28.2,6.42
28.3,6.45
28.4,6.53
28.5,6.54
28.6,6.53
28.7,6.61
28.8,6.7
28.9,6.79
29,6.81
29.1,6.82
29.2,6.82
29.3,6.82
29.4,6.82
29.5,6.82
29.6,6.82
29.7,6.82
29.8,6.82
29.9,6.81
30,6.81
30.1,6.81
30.2,6.81
30.3,6.81
30.4,6.81
30.5,6.81
30.6,6.81
30.7,6.8
30.8,6.8
30.9,6.8
31,6.8
31.1,6.8
31.2,6.8
31.3,6.8
31.4,6.8
31.5,6.8
31.6,6.8
31.7,6.82
31.8,6.84
31.9,6.87
32,6.87
32.1,6.87
32.2,6.87
32.3,6.87
32.4,6.87
32.5,6.87
32.6,6.87
32.7,6.87
32.8,6.87
32.9,6.87
33,6.87
33.1,6.87
33.2,6.87
33.3,6.87
33.4,6.87
33.5,6.87
33.6,6.87
33.7,6.87
33.8,6.87
33.9,6.87
34,6.87
34.1,6.87
34.2,6.87
34.3,6.87
34.4,6.87
34.5,6.87
34.6,6.86
34.7,6.87
34.8,6.87
34.9,6.83
35,6.81
35.1,6.79
35.2,6.74
35.3,6.73
35.4,6.72
35.5,6.69
35.6,6.69
35.7,6.69
35.8,6.69
35.9,6.69
36,6.7
36.1,6.72
36.2,6.74
36.3,6.75
36.4,6.74
36.5,6.75
36.6,6.74
36.7,6.75
36.8,6.75
36.9,6.75
37,6.74
37.1,6.73
37.2,6.72
37.3,6.72
37.4,6.72
37.5,6.72
37.6,6.72
37.7,6.72
37.8,6.71
37.9,6.7
38,6.67
38.1,6.65
38.2,6.63
38.3,6.59
38.4,6.59
38.5,6.59
38.6,6.59
38.7,6.59
38.8,6.58
38.9,6.56
39,6.52
39.1,6.5
39.2,6.41
39.3,6.41
39.4,6.38
39.5,6.32
39.6,6.3
39.7,6.3
39.8,6.32
39.9,6.37
40,6.4
40.1,6.4
40.2,6.4
40.3,6.4
40.4,6.4
40.5,6.4
40.6,6.35
40.7,5.96
40.8,6.04
40.9,6.08
41,6.08
41.1,6.05
41.2,6.04
41.3,5.87
41.4,5.78
41.5,5.78
41.6,5.78
41.7,5.71
41.8,5.69
41.9,5.65
42,5.64
42.1,5.64
42.2,5.77
42.3,5.77
42.4,5.78
42.5,5.82
42.6,5.87
42.7,5.9
42.8,5.9
42.9,5.9
43,5.93
43.1,5.93
43.2,5.93
43.3,5.9
43.4,5.88
43.5,5.87
43.6,5.87
43.7,5.86
43.8,5.85
43.9,5.85
44,5.85
44.1,5.85
44.2,5.85
44.3,5.85
44.4,5.85
44.5,5.85
44.6,5.85
44.7,5.85
44.8,5.85
44.9,5.85
45,5.84
45.1,5.84
45.2,5.84
45.3,5.84
45.4,5.84
45.5,5.84
45.6,5.98
45.7,6.15
45.8,6.38
45.9,6.55
46,6.58
46.1,6.54
46.2,6.53
46.3,6.53
46.4,6.53
46.5,6.53
46.6,6.51
46.7,6.51
46.8,6.51
46.9,6.51
47,6.51
47.1,6.51
47.2,6.51
47.3,6.51
47.4,6.52
47.5,6.6
47.6,6.7
47.7,6.73
47.8,6.81
47.9,6.87
48,6.92
48.1,6.92
48.2,6.92
48.3,6.92
48.4,6.92
48.5,6.94
48.6,6.94
48.7,6.94
48.8,6.94
48.9,6.94
49,6.94
49.1,6.94
49.2,6.94
49.3,6.94
49.4,6.94
49.5,6.94
49.6,6.94
49.7,6.93
49.8,6.92
49.9,6.92
50,6.99
50.1,7
50.2,7
50.3,7
50.4,7
50.5,7
50.6,6.99
50.7,6.99
50.8,6.99
50.9,6.99
51,6.99
51.1,6.99
51.2,7.02
51.3,7.04
51.4,7.04
51.5,7.04
51.6,7.04
51.7,6.99
51.8,6.98
51.9,6.98
52,6.95
52.1,6.95
52.2,6.9
52.3,6.85
52.4,6.85
52.5,6.83
52.6,6.81
52.7,6.77
52.8,6.64
52.9,6.6
53,6.52
53.1,6.28
53.2,6.27
53.3,6.24
53.4,6.07
53.5,6.04
53.6,6.04
53.7,6.06
53.8,6.19
53.9,6.27
54,6.22
54.1,6.22
54.2,6.22
54.3,6.22
54.4,6.21
54.5,6.21
54.6,6.21
54.7,6.21
54.8,6.21
54.9,6.21
55,6.21
55.1,6.21
55.2,6.21
55.3,6.21
55.4,6.21
55.5,6.22
55.6,6.24
55.7,6.24
55.8,6.26
55.9,6.25
56,6.26
56.1,6.26
56.2,6.25
56.3,6.26
56.4,6.26
56.5,6.25
56.6,6.25
56.7,6.25
56.8,6.25
56.9,6.22
57,6.22
57.1,6.22
57.2,6.22
57.3,6.22
57.4,6.22
57.5,6.22
57.6,6.23
57.7,6.22
57.8,6.21
57.9,6.21
58,6.22
58.1,6.21
58.2,6.21
58.3,6.2
58.4,6.2
58.5,6.2
58.6,6.19
58.7,6.15
58.8,6.15
58.9,6.15
59,6.15
59.1,6.15
59.2,6.15
59.3,6.15
59.4,6.15
59.5,6.15
59.6,6.15
59.7,6.15
59.8,6.15
59.9,6.15
60,6.15
60.1,6.14
60.2,6.15
60.3,6.15
60.4,6.15
60.5,6.14
60.6,6.15
60.7,6.15
60.8,6.15
60.9,6.15
61,6.15
61.1,6.15
61.2,6.15
61.3,6.15
61.4,6.15
61.5,6.15
61.6,6.14
61.7,6.13
61.8,6.1
61.9,6.06
62,5.91
62.1,5.81
62.2,5.76
62.3,5.71
62.4,5.65
62.5,5.65
62.6,5.61
62.7,5.54
62.8,5.53
62.9,5.53
63,5.53
63.1,5.53
63.2,5.53
63.3,5.54
63.4,5.56
63.5,5.66
63.6,5.69
63.7,5.74
63.8,5.83
63.9,5.95
64,6.01
64.1,6.03
64.2,6.12
64.3,6.21
64.4,6.22
64.5,6.23
64.6,6.24
64.7,6.24
64.8,6.24
64.9,6.24
65,6.24
65.1,6.23
65.2,6.23
65.3,6.23
65.4,6.23
65.5,6.23
65.6,6.23
65.7,6.23
65.8,6.23
65.9,6.23
66,6.23
66.1,6.25
66.2,6.34
66.3,6.42
66.4,6.45
66.5,6.45
66.6,6.48
66.7,6.5
66.8,6.51
66.9,6.51
67,6.55
67.1,6.56
67.2,6.56
67.3,6.6
67.4,6.65
67.5,6.67
67.6,6.67
67.7,6.67
67.8,6.67
67.9,6.67
68,6.6
68.1,6.48
68.2,6.48
68.3,6.43
68.4,6.35
68.5,6.33
68.6,6.26
68.7,6.24
68.8,6.2
68.9,6.11
69,6.11
69.1,6.11
69.2,6.1
69.3,6.07
69.4,5.87
69.5,5.84
69.6,5.84
69.7,5.81
69.8,5.71
69.9,5.64
70,5.57
70.1,5.49
70.2,5.47
70.3,5.46
70.4,5.46
70.5,5.46
70.6,5.46
70.7,5.46
70.8,5.46
70.9,5.5
71,5.61
71.1,5.73
71.2,5.77
71.3,5.76
71.4,5.82
71.5,5.88
71.6,5.94
71.7,5.93
71.8,5.93
71.9,5.93
72,5.93
72.1,5.93
72.2,5.93
72.3,5.93
72.4,5.87
72.5,5.84
72.6,5.77
72.7,5.77
72.8,5.74
72.9,5.69
73,5.73
73.1,5.75
73.2,5.77
73.3,5.77
73.4,5.77
73.5,5.77
73.6,5.77
73.7,5.77
73.8,5.77
73.9,5.77
74,5.78
74.1,5.81
74.2,5.9
74.3,5.9
74.4,5.9
74.5,5.92
74.6,5.92
74.7,5.93
74.8,5.93
74.9,5.93
75,5.93
75.1,5.95
75.2,5.96
75.3,5.96
75.4,5.96
75.5,5.96
75.6,5.96
75.7,5.96
75.8,5.96
75.9,5.96
76,5.93
76.1,5.93
76.2,5.96
76.3,6.07
76.4,6.13
76.5,6.13
76.6,6.21
76.7,6.24
76.8,6.24
76.9,6.34
77,6.4
77.1,6.41
77.2,6.45
77.3,6.46
77.4,6.51
77.5,6.54
77.6,6.54
77.7,6.55
77.8,6.56
77.9,6.6
78,6.61
78.1,6.61
78.2,6.65
78.3,6.69
78.4,6.69
78.5,6.72
78.6,6.76
78.7,6.76
78.8,6.79
78.9,6.79
79,6.82
79.1,6.82
79.2,6.82
79.3,6.84
79.4,6.89
79.5,6.89
79.6,6.91
79.7,6.93
79.8,6.93
79.9,6.96
80,6.96
80.1,6.96
80.2,6.96
80.3,6.96
80.4,6.93
80.5,6.89
80.6,6.82
80.7,6.67
80.8,6.66
80.9,6.64
81,6.59
81.1,6.51
81.2,6.5
81.3,6.48
81.4,6.46
81.5,6.43
81.6,6.35
81.7,6.35
81.8,6.35
81.9,6.35
82,6.35
82.1,6.35
82.2,6.36
82.3,6.36
82.4,6.36
82.5,6.36
82.6,6.37
82.7,6.36
82.8,6.36
82.9,6.36
83,6.36
83.1,6.36
83.2,6.34
83.3,6.33
83.4,6.22
83.5,6.1
83.6,6.04
83.7,5.98
83.8,5.98
83.9,5.86
84,5.84
84.1,5.84
84.2,5.93
84.3,6.04
84.4,6.17
84.5,6.25
84.6,6.38
84.7,6.43
84.8,6.49
84.9,6.49
85,6.49
85.1,6.51
85.2,6.53
85.3,6.53
85.4,6.55
85.5,6.58
85.6,6.58
85.7,6.57
85.8,6.56
85.9,6.55
86,6.55
86.1,6.54
86.2,6.53
86.3,6.53
86.4,6.53
86.5,6.53
86.6,6.53
86.7,6.53
86.8,6.53
86.9,6.53
87,6.53
87.1,6.53
87.2,6.52
87.3,6.52
87.4,6.49
87.5,6.49
87.6,6.5
87.7,6.53
87.8,6.53
87.9,6.54
88,6.56
88.1,6.6
88.2,6.65
88.3,6.75
88.4,6.88
88.5,6.95
88.6,7.04
88.7,7.05
88.8,7.1
88.9,7.13
89,7.21
89.1,7.21
89.2,7.24
89.3,7.32
89.4,7.41
89.5,7.44
89.6,7.5
89.7,7.53
89.8,7.58
89.9,7.63
90,7.71
90.1,7.78
90.2,7.81
90.3,7.82
90.4,7.82
90.5,7.87
90.6,7.96
90.7,7.96
90.8,7.96
90.9,7.97
91,7.96
91.1,7.97
91.2,7.98
91.3,8.06
91.4,8.06
91.5,8.06
91.6,8.07
91.7,8.09
91.8,8.16
91.9,8.2
92,8.29
92.1,8.3
92.2,8.3
92.3,8.3
92.4,8.3
92.5,8.3
92.6,8.3
92.7,8.3
92.8,8.3
92.9,8.3
93,8.3
93.1,8.29
93.2,8.27
93.3,8.21
93.4,8.11
93.5,7.95
93.6,7.74
93.7,7.69
93.8,7.69
93.9,7.69
94,7.87
94.1,8.03
94.2,8.04
94.3,8.08
94.4,8.08
94.5,8.08
94.6,8.09
94.7,8.09
94.8,8.1
94.9,8.09
95,8.09
95.1,8.05
95.2,7.74
95.3,7.55
95.4,7.16
95.5,6.69
95.6,6.7
95.7,6.62
95.8,6.61
95.9,6.57
96,6.47
96.1,6.41
96.2,6.28
96.3,6.25
96.4,6.25
96.5,6.25
96.6,6.25
96.7,6.25
96.8,6.25
96.9,6.25
97,6.25
97.1,6.25
97.2,6.25
97.3,6.25
97.4,6.25
97.5,6.22
97.6,6.21
97.7,6.12
97.8,6.1
97.9,6.02
98,5.9
98.1,5.9
98.2,5.82
98.3,5.74
98.4,5.81
98.5,5.92
98.6,6.17
98.7,6.24
98.8,6.13
98.9,6.12
99,6.11
99.1,6.04
99.2,6.04
99.3,5.79
99.4,5.73
99.5,5.73
99.6,5.73
99.7,5.73
99.8,5.69
99.9,5.68
100,5.64
100.1,5.64
100.2,5.64
100.3,5.63
100.4,5.63
100.5,5.63
100.6,5.63
100.7,5.58
100.8,5.54
100.9,5.38
101,5.35
101.1,5.35
101.2,5.33
101.3,5.31
101.4,5.31
101.5,5.29
101.6,5.29
101.7,5.35
101.8,5.43
101.9,5.55
102,5.57
102.1,5.56
102.2,5.56
102.3,5.55
102.4,5.53
102.5,5.53
102.6,5.53
102.7,5.52
102.8,5.47
102.9,5.47
103,5.47
103.1,5.48
103.2,5.49
103.3,5.5
103.4,5.5
103.5,5.61
103.6,5.61
103.7,5.69
103.8,5.75
103.9,5.76
104,5.85
104.1,5.98
104.2,6.02
104.3,6.01
104.4,6.05
104.5,6.12
104.6,6.14
104.7,6.14
104.8,6.14
104.9,6.14
105,6.14
105.1,6.16
105.2,6.2
105.3,6.2
105.4,6.2
105.5,6.26
105.6,6.31
105.7,6.37
105.8,6.4
105.9,6.48
106,6.54
106.1,6.59
106.2,6.69
106.3,6.72
106.4,6.8
106.5,6.9
106.6,6.98
106.7,7.02
106.8,7.1
106.9,7.14
107,7.16
107.1,7.26
107.2,7.29
107.3,7.42
107.4,7.6
107.5,7.67
107.6,7.67
107.7,7.67
107.8,7.67
107.9,7.67
108,7.67
108.1,7.67
108.2,7.67
108.3,7.67
108.4,7.7
108.5,7.76
108.6,7.78
108.7,7.82
108.8,7.85
108.9,7.85
109,7.85
109.1,7.85
109.2,7.85
109.3,7.85
109.4,7.76
109.5,7.76
109.6,7.66
109.7,7.58
109.8,7.54
109.9,7.53
110,7.53
110.1,7.51
110.2,7.5
110.3,7.5
110.4,7.5
110.5,7.52
110.6,7.56
110.7,7.56
110.8,7.56
110.9,7.53
111,7.41
111.1,7.34
111.2,7.22
111.3,7.13
111.4,7.1
111.5,7.1
111.6,7.04
111.7,7.03
111.8,7.03
111.9,7.03
112,7.02
112.1,6.99
112.2,6.96
112.3,6.98
112.4,6.98
112.5,6.96
112.6,6.93
112.7,6.93
112.8,6.92
112.9,6.88
113,6.85
113.1,6.85
113.2,6.85
113.3,6.81
113.4,6.72
113.5,6.72
113.6,6.72
113.7,6.67
113.8,6.6
113.9,6.6
114,6.6
114.1,6.59
114.2,6.59
114.3,6.56
114.4,6.53
114.5,6.53
114.6,6.53
114.7,6.53
114.8,6.59
114.9,6.72
115,6.72
115.1,6.77
115.2,6.91
115.3,7.04
115.4,7.21
115.5,7.44
115.6,7.59
115.7,7.77
115.8,7.78
115.9,7.87
116,7.98
116.1,8.15
116.2,8.3
116.3,8.35
116.4,8.37
116.5,8.4
116.6,8.42
116.7,8.55
116.8,8.68
116.9,8.73
117,8.8
117.1,8.87
117.2,8.89
117.3,8.89
117.4,8.85
117.5,8.71
117.6,8.61
117.7,8.41
117.8,8.28
117.9,8.28
118,8.24
118.1,8.17
118.2,8.11
118.3,8.09
118.4,8.01
118.5,7.91
118.6,7.83
118.7,7.78
118.8,7.74
118.9,7.7
119,7.59
119.1,7.56
119.2,7.49
119.3,7.4
119.4,7.39
119.5,7.34
119.6,7.27
119.7,7.19
119.8,7.04
119.9,6.89
120,6.75
120.1,6.62
120.2,6.61
120.3,6.6
120.4,6.6
120.5,6.6
120.6,6.6
120.7,6.64
120.8,6.72
120.9,6.8
121,6.83
121.1,6.89
121.2,7
121.3,7.04
121.4,7.04
121.5,7.04
121.6,7.09
121.7,7.13
121.8,7.14
121.9,7.17
122,7.28
122.1,7.31
122.2,7.35
122.3,7.39
122.4,7.42
122.5,7.46
122.6,7.49
122.7,7.5
122.8,7.5
122.9,7.39
123,7.37
123.1,7.35
123.2,7.34
123.3,7.34
123.4,7.33
123.5,7.33
123.6,7.33
123.7,7.34
123.8,7.33
123.9,7.34
124,7.34
124.1,7.34
124.2,7.29
124.3,7.27
124.4,7.27
124.5,7.27
124.6,7.27
124.7,7.31
124.8,7.35
124.9,7.27
125,7.21
125.1,7.2
125.2,7.2
125.3,7.2
125.4,7.2
125.5,7.2
125.6,7.2
125.7,7.2
125.8,7.2
125.9,7.21
126,7.23
126.1,7.25
126.2,7.25
126.3,7.25
126.4,7.25
126.5,7.24
126.6,7.22
126.7,7.21
126.8,7.21
126.9,7.21
127,7.21
127.1,7.21
127.2,7.21
127.3,7.21
127.4,7.21
127.5,7.21
127.6,7.21
127.7,7.22
127.8,7.22
127.9,7.22
128,7.21
128.1,7.21
128.2,7.21
128.3,7.21
128.4,7.21
128.5,7.21
128.6,7.21
128.7,7.27
128.8,7.36
128.9,7.49
129,7.54
129.1,7.6
129.2,7.6
129.3,7.66
129.4,7.69
129.5,7.69
129.6,7.72
129.7,7.72
129.8,7.72
129.9,7.75
130,7.74
130.1,7.73
130.2,7.76
130.3,7.76
130.4,7.76
130.5,7.76
130.6,7.79
130.7,7.85
130.8,7.86
130.9,7.87
131,7.92
131.1,7.97
131.2,8
131.3,8.01
131.4,8.02
131.5,8.03
131.6,8.05
131.7,8.05
131.8,8.03
131.9,8.03
132,8.03
132.1,8.03
132.2,8.04
132.3,8.03
132.4,8.03
132.5,8.03
132.6,8.04
132.7,8.1
132.8,8.17
132.9,8.25
133,8.26
133.1,8.3
133.2,8.38
133.3,8.44
133.4,8.44
133.5,8.44
133.6,8.44
133.7,8.44
133.8,8.44
133.9,8.4
134,8.39
134.1,8.39
134.2,8.37
134.3,8.3
134.4,8.3
134.5,8.25
134.6,8.11
134.7,8.01
134.8,8.01
134.9,7.96
135,7.9
135.1,7.9
135.2,7.83
135.3,7.8
135.4,7.79
135.5,7.78
135.6,7.73
135.7,7.72
135.8,7.69
135.9,7.67
136,7.64
136.1,7.6
136.2,7.57
136.3,7.56
136.4,7.53
136.5,7.49
136.6,7.44
136.7,7.25
136.8,7.24
136.9,7.24
137,7.2
137.1,7.18
137.2,7.11
137.3,7.09
137.4,7.09
137.5,7.09
137.6,7.08
137.7,7.1
137.8,7.08
137.9,7.06
138,7.05
138.1,7.05
138.2,7.04
138.3,7.03
138.4,7.03
138.5,7.03
138.6,7.03
138.7,7.03
138.8,7.01
138.9,7.01
139,7.01
139.1,6.99
139.2,6.94
139.3,6.91
139.4,6.88
139.5,6.81
139.6,6.74
139.7,6.74
139.8,6.73
139.9,6.72
140,6.67
140.1,6.63
140.2,6.56
140.3,6.44
140.4,6.44
140.5,6.49
140.6,6.5
140.7,6.5
140.8,6.48
140.9,6.3
141,6.3
141.1,6.28
141.2,6.24
141.3,6.13
141.4,6.13
141.5,6.11
141.6,6.1
141.7,6.11
141.8,6.12
141.9,6.25
142,6.27
142.1,6.31
142.2,6.45
142.3,6.5
142.4,6.51
142.5,6.56
142.6,6.64
142.7,6.51
142.8,6.49
142.9,6.49
143,6.5
143.1,6.56
143.2,6.6
143.3,6.6
143.4,6.6
143.5,6.6
143.6,6.65
143.7,6.77
143.8,6.84
143.9,6.84
144,6.57
144.1,6.56
144.2,6.56
144.3,6.41
144.4,6.38
144.5,6.37
144.6,6.38
144.7,6.38
144.8,6.38
144.9,6.38
145,6.37
145.1,6.38
145.2,6.38
145.3,6.49
145.4,6.6
145.5,6.62
145.6,6.72
145.7,6.8
145.8,6.87
145.9,6.87
146,6.87
146.1,6.9
146.2,6.92
146.3,6.93
146.4,6.95
146.5,6.96
146.6,6.98
146.7,6.98
146.8,6.98
146.9,6.98
147,6.99
147.1,6.99
147.2,6.99
147.3,7
147.4,7.02
147.5,7.05
147.6,7.09
147.7,7.12
147.8,7.22
147.9,7.26
148,7.28
148.1,7.29
148.2,7.3
148.3,7.33
148.4,7.35
148.5,7.37
148.6,7.37
148.7,7.38
148.8,7.45
148.9,7.57
149,7.6
149.1,7.67
149.2,7.7
149.3,7.69
149.4,7.69
149.5,7.69
149.6,7.68
149.7,7.64
149.8,7.6
149.9,7.6
150,7.53
150.1,7.4
150.2,7.3
150.3,7.21
150.4,7.16
150.5,7.09
150.6,7.01
150.7,7
150.8,7
150.9,7.01
151,7.01
151.1,7
151.2,6.99
151.3,6.99
151.4,6.99
151.5,7
151.6,7
151.7,7
151.8,7.01
151.9,7.02
152,7.03
152.1,7.03
152.2,7.03
152.3,7.03
152.4,7.03
152.5,7.1
152.6,7.17
152.7,7.17
152.8,7.2
152.9,7.3
153,7.37
153.1,7.42
153.2,7.49
153.3,7.56
153.4,7.62
153.5,7.62
153.6,7.63
153.7,7.68
153.8,7.69
153.9,7.54
154,7.41
154.1,7.41
154.2,7.41
154.3,7.41
154.4,7.41
154.5,7.44
154.6,7.52
154.7,7.53
154.8,7.42
154.9,7.34
155,7.34
155.1,7.34
155.2,7.34
155.3,7.3
155.4,7.3
155.5,7.3
155.6,7.3
155.7,7.3
155.8,7.28
155.9,7.28
156,7.22
156.1,7.22
156.2,7.15
156.3,7.16
156.4,7.14
156.5,7.14
156.6,7.14
156.7,7.14
156.8,7.14
156.9,7.14
157,7.14
157.1,7.14
157.2,7.14
157.3,7.14
157.4,7.14
157.5,7.14
157.6,7.14
157.7,7.14
157.8,7.14
157.9,7.14
158,7.14
158.1,7.14
158.2,7.14
158.3,7.1
158.4,7.06
158.5,7.01
158.6,6.94
158.7,6.81
158.8,6.81
158.9,6.81
159,6.8
159.1,6.81
159.2,6.8
159.3,6.77
159.4,6.74
159.5,6.71
159.6,6.7
159.7,6.66
159.8,6.65
159.9,6.65
160,6.65
160.1,6.65
160.2,6.65
160.3,6.65
160.4,6.65
160.5,6.67
160.6,6.65
160.7,6.61
160.8,6.6
160.9,6.51
161,6.5
161.1,6.5
161.2,6.49
161.3,6.49
161.4,6.49
161.5,6.49
161.6,6.49
161.7,6.49
161.8,6.51
161.9,6.51
162,6.51
162.1,6.51
162.2,6.51
162.3,6.51
162.4,6.51
162.5,6.51
162.6,6.51
162.7,6.51
162.8,6.51
162.9,6.51
163,6.51
163.1,6.49
163.2,6.48
163.3,6.46
163.4,6.42
163.5,6.37
163.6,6.37
163.7,6.37
163.8,6.37
163.9,6.35
164,6.35
164.1,6.34
164.2,6.34
164.3,6.34
164.4,6.34
164.5,6.34
164.6,6.34
164.7,6.34
164.8,6.34
164.9,6.34
165,6.32
165.1,6.31
165.2,6.31
165.3,6.31
165.4,6.31
165.5,6.31
165.6,6.3
165.7,6.3
165.8,6.24
165.9,6.24
166,6.24
166.1,6.24
166.2,6.24
166.3,6.24
166.4,6.24
166.5,6.24
166.6,6.24
166.7,6.27
166.8,6.33
166.9,6.37
167,6.36
167.1,6.37
167.2,6.38
167.3,6.38
167.4,6.38
167.5,6.42
167.6,6.42
167.7,6.42
167.8,6.42
167.9,6.42
168,6.42
168.1,6.42
168.2,6.42
168.3,6.42
168.4,6.42
168.5,6.42
168.6,6.42
168.7,6.43
168.8,6.42
168.9,6.43
169,6.44
169.1,6.46
169.2,6.54
169.3,6.62
169.4,6.64
169.5,6.64
169.6,6.65
169.7,6.66
169.8,6.7
169.9,6.74
170,6.76
170.1,6.79
170.2,6.81
170.3,6.87
170.4,6.92
170.5,6.98
170.6,7.06
170.7,7.18
170.8,7.22
170.9,7.27
171,7.3
171.1,7.3
171.2,7.25
171.3,7.25
171.4,7.25
171.5,7.24
171.6,7.21
171.7,7.21
171.8,7.2
171.9,7.2
172,7.18
172.1,7.13
172.2,7.13
172.3,7.13
172.4,7.12
172.5,7.11
172.6,7.09
172.7,7.04
172.8,7.04
172.9,7.03
173,7.03
173.1,7.02
173.2,7.02
173.3,7.01
173.4,6.99
173.5,6.99
173.6,6.98
173.7,6.96
173.8,6.94
173.9,6.93
174,6.9
174.1,6.86
174.2,6.85
174.3,6.83
174.4,6.82
174.5,6.81
174.6,6.8
174.7,6.75
174.8,6.74
174.9,6.71
175,6.71
175.1,6.71
175.2,6.71
175.3,6.72
175.4,6.71
175.5,6.71
175.6,6.71
175.7,6.72
175.8,6.72
175.9,6.73
176,6.73
176.1,6.76
176.2,6.77
176.3,6.77
176.4,6.77
176.5,6.77
176.6,6.77
176.7,6.77
176.8,6.77
176.9,6.77
177,6.77
177.1,6.77
177.2,6.77
177.3,6.77
177.4,6.77
177.5,6.77
177.6,6.77
177.7,6.77
177.8,6.75
177.9,6.75
178,6.67
178.1,6.66
178.2,6.63
178.3,6.45
178.4,6.42
178.5,6.3
178.6,6.27
178.7,6.27
178.8,6.27
178.9,6.21
179,6.2
179.1,6.19
179.2,6.07
179.3,6.07
179.4,6.07
179.5,6.07
179.6,6.07
179.7,6.07
179.8,6.07
179.9,6.11
180,6.2
180.1,6.25
180.2,6.3
180.3,6.3
180.4,6.3
180.5,6.3
180.6,6.3
180.7,6.35
180.8,6.4
180.9,6.4
181,6.33
181.1,6.34
181.2,6.4
181.3,6.45
181.4,6.45
181.5,6.37
181.6,6.37
181.7,6.37
181.8,6.37
181.9,6.36
182,6.29
182.1,6.26
182.2,6.26
182.3,6.21
182.4,6.17
182.5,6.14
182.6,6.11
182.7,6.08
182.8,6.07
182.9,6.01
183,5.98
183.1,5.98
183.2,5.98
183.3,5.99
183.4,6.19
183.5,6.19
183.6,6.19
183.7,6.22
183.8,6.25
183.9,6.31
184,6.37
184.1,6.46
184.2,6.58
184.3,6.63
184.4,6.65
184.5,6.69
184.6,6.71
184.7,6.71
184.8,6.71
184.9,6.73
185,6.74
185.1,6.79
185.2,6.82
185.3,6.91
185.4,7.08
185.5,7.13
185.6,7.09
185.7,7.08
185.8,7.11
185.9,7.12
186,7.12
186.1,7.12
186.2,7.12
186.3,7.11
186.4,7.09
186.5,7.07
186.6,7.04
186.7,7
186.8,6.96
186.9,6.92
187,6.85
187.1,6.82
187.2,6.77
187.3,6.72
187.4,6.71
187.5,6.7
187.6,6.65
187.7,6.64
187.8,6.61
187.9,6.52
188,6.52
188.1,6.52
188.2,6.51
188.3,6.49
188.4,6.4
188.5,6.4
188.6,6.38
188.7,6.34
188.8,6.33
188.9,6.42
189,6.49
189.1,6.55
189.2,6.69
189.3,6.72
189.4,6.67
189.5,6.6
189.6,6.53
189.7,6.51
189.8,6.51
189.9,6.48
190,6.46
190.1,6.42
190.2,6.42
190.3,6.42
190.4,6.43
190.5,6.43
190.6,6.43
190.7,6.43
190.8,6.43
190.9,6.43
191,6.43
191.1,6.43
191.2,6.43
191.3,6.43
191.4,6.43
191.5,6.42
191.6,6.42
191.7,6.42
191.8,6.42
191.9,6.42
192,6.42
192.1,6.45
192.2,6.51
192.3,6.53
192.4,6.54
192.5,6.59
192.6,6.67
192.7,6.7
192.8,6.71
192.9,6.73
193,6.76
193.1,6.76
193.2,6.76
193.3,6.81
193.4,6.83
193.5,6.83
193.6,6.83
193.7,6.87
193.8,6.88
193.9,6.89
194,6.83
194.1,6.83
194.2,6.79
194.3,6.74
194.4,6.58
194.5,6.54
194.6,6.54
194.7,6.54
194.8,6.54
194.9,6.54
195,6.55
195.1,6.55
195.2,6.55
195.3,6.55
195.4,6.55
195.5,6.55
195.6,6.56
195.7,6.6
195.8,6.61
195.9,6.64
196,6.64
196.1,6.64
196.2,6.64
196.3,6.64
196.4,6.64
196.5,6.66
196.6,6.7
196.7,6.7
196.8,6.7
196.9,6.66
197,6.64
197.1,6.63
197.2,6.59
197.3,6.58
197.4,6.58
197.5,6.56
197.6,6.56
197.7,6.55
197.8,6.55
197.9,6.55
198,6.55
198.1,6.54
198.2,6.5
198.3,6.5
198.4,6.5
198.5,6.49
198.6,6.49
198.7,6.45
198.8,6.44
198.9,6.42
199,6.42
199.1,6.41
199.2,6.4
199.3,6.4
199.4,6.4
199.5,6.4
199.6,6.4
199.7,6.4
199.8,6.4
199.9,6.4
200,6.4
200.1,6.4
200.2,6.4
200.3,6.41
200.4,6.4
200.5,6.41
200.6,6.41
200.7,6.41
200.8,6.4
200.9,6.37
201,6.24
201.1,6.21
201.2,6.21
201.3,6.21
201.4,6.21
201.5,6.21
201.6,6.17
201.7,6.17
201.8,6.14
201.9,6.1
202,6.01
202.1,6.01
202.2,6.01
202.3,5.98
202.4,5.95
202.5,5.95
202.6,5.92
202.7,5.92
202.8,5.92
202.9,5.88
203,5.88
203.1,5.84
203.2,5.83
203.3,5.83
203.4,5.88
203.5,5.9
203.6,5.9
203.7,5.9
203.8,5.92
203.9,5.94
204,6.02
204.1,6.04
204.2,6.13
204.3,6.17
204.4,6.19
204.5,6.19
204.6,6.19
204.7,6.16
204.8,6.16
204.9,6.19
205,6.23
205.1,6.26
205.2,6.32
205.3,6.38
205.4,6.41
205.5,6.43
205.6,6.44
205.7,6.49
205.8,6.5
205.9,6.43
206,6.38
206.1,6.38
206.2,6.38
206.3,6.36
206.4,6.36
206.5,6.23
206.6,6.22
206.7,6.19
206.8,6.17
206.9,5.86
207,5.82
207.1,5.82
207.2,5.82
207.3,5.8
207.4,5.72
207.5,5.7
207.6,5.67
207.7,5.66
207.8,5.64
207.9,5.64
208,5.72
208.1,5.74
208.2,5.79
208.3,5.82
208.4,5.82
208.5,5.82
208.6,5.82
208.7,5.82
208.8,5.82
208.9,5.82
209,5.82
209.1,5.82
209.2,5.76
209.3,5.77
209.4,5.78
209.5,5.93
209.6,5.94
209.7,6.03
209.8,6.16
209.9,6.26
210,6.29
210.1,6.3
210.2,6.3
210.3,6.34
210.4,6.36
210.5,6.37
210.6,6.37
210.7,6.24
210.8,6.24
210.9,6.27
211,6.27
211.1,6.25
211.2,6.14
211.3,6.1
211.4,6.1
211.5,6.08
211.6,6.08
211.7,6.08
211.8,6.03
211.9,5.99
212,5.96
212.1,5.94
212.2,5.93
212.3,5.89
212.4,5.86
212.5,5.85
212.6,5.85
212.7,5.83
212.8,5.81
212.9,5.81
213,5.8
213.1,5.79
213.2,5.76
213.3,5.74
213.4,5.71
213.5,5.63
213.6,5.55
213.7,5.49
213.8,5.38
213.9,5.35
214,5.33
214.1,5.31
214.2,5.26
214.3,5.23
214.4,5.23
214.5,5.17
214.6,5.16
214.7,5.18
214.8,5.25
214.9,5.26
215,5.26
215.1,5.26
215.2,5.26
215.3,5.26
215.4,5.26
215.5,5.27
215.6,5.36
215.7,5.39
215.8,5.43
215.9,5.47
216,5.5
216.1,5.53
216.2,5.52
216.3,5.53
216.4,5.53
216.5,5.53
216.6,5.53
216.7,5.53
216.8,5.53
216.9,5.52
217,5.53
217.1,5.54
217.2,5.54
217.3,5.54
217.4,5.54
217.5,5.54
217.6,5.54
217.7,5.5
217.8,5.5
217.9,5.5
218,5.53
218.1,5.57
218.2,5.64
218.3,5.65
218.4,5.68
218.5,5.77
218.6,5.8
218.7,5.82
218.8,5.87
218.9,5.87
219,5.87
219.1,5.84
219.2,5.84
219.3,5.82
219.4,5.76
219.5,5.64
219.6,5.56
219.7,5.46
219.8,5.46
219.9,5.39
220,5.38
220.1,5.37
220.2,5.37
220.3,5.37
220.4,5.41
220.5,5.48
220.6,5.52
220.7,5.55
220.8,5.62
220.9,5.64
221,5.64
221.1,5.66
221.2,5.7
221.3,5.77
221.4,5.84
221.5,5.9
221.6,5.92
221.7,5.94
221.8,5.96
221.9,6.02
222,6.11
222.1,6.19
222.2,6.24
222.3,6.26
222.4,6.27
222.5,6.26
222.6,6.27
222.7,6.26
222.8,6.26
222.9,6.27
223,6.27
223.1,6.27
223.2,6.27
223.3,6.27
223.4,6.22
223.5,6.21
223.6,6.2
223.7,6.17
223.8,6.14
223.9,6.12
224,6.11
224.1,6.08
224.2,6.06
224.3,6.06
224.4,6.06
224.5,6.06
224.6,6.06
224.7,6.06
224.8,6.06
224.9,6.06
225,6.06
225.1,6.06
225.2,6.06
225.3,6.06
225.4,6
225.5,6
225.6,6
225.7,6
225.8,6
225.9,6
226,6
226.1,6
226.2,6.01
226.3,6.03
226.4,6.03
226.5,6.03
226.6,6.03
226.7,6.03
226.8,6.02
226.9,6
227,5.92
227.1,5.92
227.2,5.88
227.3,5.87
227.4,5.88
227.5,5.87
227.6,5.88
227.7,5.92
227.8,5.94
227.9,5.94
228,5.94
228.1,5.94
228.2,5.93
228.3,5.94
228.4,5.94
228.5,5.91
228.6,5.88
228.7,5.85
228.8,5.85
228.9,5.85
229,5.85
229.1,5.86
229.2,5.88
229.3,5.88
229.4,5.88
229.5,5.95
229.6,5.97
229.7,6.13
229.8,6.13
229.9,6.13
230,6.16
230.1,6.2
230.2,6.24
230.3,6.24
230.4,6.25
230.5,6.26
230.6,6.26
230.7,6.27
230.8,6.27
230.9,6.27
231,6.27
231.1,6.27
231.2,6.27
231.3,6.27
231.4,6.27
231.5,6.27
231.6,6.27
231.7,6.27
231.8,6.29
231.9,6.3
232,6.3
232.1,6.36
232.2,6.38
232.3,6.38
232.4,6.38
232.5,6.38
232.6,6.38
232.7,6.38
232.8,6.38
232.9,6.38
233,6.35
233.1,6.28
233.2,6.24
233.3,6.24
233.4,6.23
233.5,6.23
233.6,6.23
233.7,6.23
233.8,6.24
233.9,6.25
234,6.25
234.1,6.25
234.2,6.25
234.3,6.25
234.4,6.25
234.5,6.24
234.6,6.21
234.7,6.19
234.8,6.04
234.9,5.95
235,5.95
235.1,5.95
235.2,5.94
235.3,5.87
235.4,5.73
235.5,5.65
235.6,5.62
235.7,5.62
235.8,5.56
235.9,5.52
236,5.45
236.1,5.39
236.2,5.31
236.3,5.27
236.4,5.21
236.5,5.15
236.6,5.11
236.7,5
236.8,5
236.9,5
237,4.96
237.1,4.93
237.2,4.93
237.3,4.93
237.4,4.93
237.5,4.93
237.6,4.93
237.7,4.93
237.8,4.97
237.9,4.97
238,4.97
238.1,4.98
238.2,5.09
238.3,5.15
238.4,5.17
238.5,5.16
238.6,5.16
238.7,5.16
238.8,5.15
238.9,5.15
239,5.26
239.1,5.43
239.2,5.62
239.3,5.9
239.4,6.04
239.5,6.13
239.6,6.15
239.7,6.22
239.8,6.25
239.9,6.27
240,6.44
240.1,6.53
240.2,6.59
240.3,6.64
240.4,6.67
240.5,6.69
240.6,6.69
240.7,6.67
240.8,6.66
240.9,6.66
241,6.66
241.1,6.66
241.2,6.66
241.3,6.66
241.4,6.67
241.5,6.66
241.6,6.67
241.7,6.71
241.8,6.71
241.9,6.73
242,6.78
242.1,6.8
242.2,6.8
242.3,6.87
242.4,6.95
242.5,6.99
242.6,6.99
242.7,7.04
242.8,7.05
242.9,7.06
243,7.1
243.1,7.15
243.2,7.15
243.3,7.15
243.4,7.15
243.5,7.05
243.6,7.02
243.7,7.01
243.8,7
243.9,6.85
244,6.62
244.1,6.58
244.2,6.53
244.3,6.51
244.4,6.5
244.5,6.46
244.6,6.46
244.7,6.62
244.8,6.69
244.9,6.56
245,6.55
245.1,6.52
245.2,6.51
245.3,6.5
245.4,6.49
245.5,6.45
245.6,6.41
245.7,6.34
245.8,6.31
245.9,6.32
246,6.31
246.1,6.31
246.2,6.31
246.3,6.29
246.4,6.24
246.5,6.15
246.6,6.08
246.7,6
246.8,5.96
246.9,5.87
247,5.79
247.1,5.76
247.2,5.69
247.3,5.66
247.4,5.59
247.5,5.59
247.6,5.62
247.7,5.63
247.8,5.63
247.9,5.63
248,5.63
248.1,5.63
248.2,5.63
248.3,5.63
248.4,5.61
248.5,5.57
248.6,5.56
248.7,5.53
248.8,5.54
248.9,5.54
249,5.54
249.1,5.54
249.2,5.53
249.3,5.54
249.4,5.53
249.5,5.53
249.6,5.53
249.7,5.53
249.8,5.54
249.9,5.54
250,5.54
250.1,5.54
250.2,5.58
250.3,5.62
250.4,5.62
250.5,5.74
250.6,5.73
250.7,5.74
250.8,5.81
250.9,5.83
251,5.92
251.1,5.95
251.2,6.03
251.3,6.04
251.4,6.04
251.5,6.04
251.6,5.95
251.7,5.91
251.8,5.88
251.9,5.87
252,5.87
252.1,5.82
252.2,5.81
252.3,5.79
252.4,5.79
252.5,5.79
252.6,5.78
252.7,5.78
252.8,5.77
252.9,5.76
253,5.71
253.1,5.71
253.2,5.65
253.3,5.63
253.4,5.63
253.5,5.61
253.6,5.56
253.7,5.56
253.8,5.54
253.9,5.49
254,5.47
254.1,5.44
254.2,5.43
254.3,5.42
254.4,5.42
254.5,5.45
254.6,5.52
254.7,5.56
254.8,5.58
254.9,5.59
255,5.62
255.1,5.64
255.2,5.66
255.3,5.67
255.4,5.68
255.5,5.68
255.6,5.71
255.7,5.77
255.8,5.8
255.9,5.85
256,5.9
256.1,5.98
256.2,5.98
256.3,5.98
256.4,5.97
256.5,5.97
256.6,5.97
256.7,6
256.8,6
256.9,6.02
257,6.02
257.1,6.02
257.2,5.97
257.3,5.96
257.4,5.96
257.5,5.96
257.6,5.96
257.7,6.02
257.8,6.11
257.9,6.11
258,6.11
258.1,6.11
258.2,6.12
258.3,6.12
258.4,6.12
258.5,6.11
258.6,6.11
258.7,6.11
258.8,6.05
258.9,6.03
259,6.02
259.1,5.96
259.2,5.93
259.3,5.87
259.4,5.76
259.5,5.58
259.6,5.58
259.7,5.57
259.8,5.58
259.9,5.57
260,5.57
260.1,5.49
260.2,5.48
260.3,5.48
260.4,5.54
260.5,5.55
260.6,5.72
260.7,5.82
260.8,5.81
260.9,5.82
261,5.86
261.1,5.91
261.2,5.92
261.3,5.93
261.4,5.96
261.5,5.97
261.6,6
261.7,6.05
261.8,6.06
261.9,6.09
262,6.12
262.1,6.13
262.2,6.11
262.3,6.1
262.4,6.14
262.5,6.19
262.6,6.21
262.7,6.21
262.8,6.22
262.9,6.22
263,6.23
263.1,6.26
263.2,6.26
263.3,6.26
263.4,6.27
263.5,6.29
263.6,6.33
263.7,6.35
263.8,6.42
263.9,6.5
264,6.51
264.1,6.54
264.2,6.58
264.3,6.59
264.4,6.6
264.5,6.71
264.6,6.71
264.7,6.71
264.8,6.71
264.9,6.71
265,6.71
265.1,6.71
265.2,6.7
265.3,6.67
265.4,6.64
265.5,6.6
265.6,6.59
265.7,6.46
265.8,6.45
265.9,6.37
266,6.36
266.1,6.36
266.2,6.36
266.3,6.36
266.4,6.36
266.5,6.36
266.6,6.36
266.7,6.33
266.8,6.32
266.9,6.29
267,6.27
267.1,6.25
267.2,6.22
267.3,6.21
267.4,6.22
267.5,6.22
267.6,6.22
267.7,6.19
267.8,6.15
267.9,6.05
268,6.02
268.1,6.02
268.2,6.02
268.3,6
268.4,5.96
268.5,5.94
268.6,5.88
268.7,5.85
268.8,5.82
268.9,5.81
269,5.79
269.1,5.78
269.2,5.77
269.3,5.75
269.4,5.73
269.5,5.62
269.6,5.56
269.7,5.55
269.8,5.52
269.9,5.46
270,5.4
270.1,5.34
270.2,5.31
270.3,5.32
270.4,5.29
270.5,5.27
270.6,5.23
270.7,5.2
270.8,5.18
270.9,5.18
271,5.18
271.1,5.18
271.2,5.18
271.3,5.18
271.4,5.18
271.5,5.18
271.6,5.21
271.7,5.29
271.8,5.33
271.9,5.33
272,5.33
272.1,5.33
272.2,5.43
272.3,5.47
272.4,5.47
272.5,5.49
272.6,5.52
272.7,5.52
272.8,5.52
272.9,5.46
273,5.46
273.1,5.47
273.2,5.54
273.3,5.56
273.4,5.56
273.5,5.56
273.6,5.56
273.7,5.56
273.8,5.56
273.9,5.56
274,5.56
274.1,5.57
274.2,5.61
274.3,5.64
274.4,5.77
274.5,5.82
274.6,5.84
274.7,5.96
274.8,6.03
274.9,6.04
275,6.11
275.1,6.11
275.2,6.11
275.3,6.11
275.4,6.12
275.5,6.15
275.6,6.16
275.7,6.16
275.8,6.16
275.9,6.12
276,6.12
276.1,6.11
276.2,6.1
276.3,6.1
276.4,6.08
276.5,6.05
276.6,6.02
276.7,6.01
276.8,6.01
276.9,6.01
277,6.01
277.1,6.01
277.2,6.01
277.3,6.01
277.4,5.98
277.5,5.98
277.6,5.88
277.7,5.87
277.8,5.81
277.9,5.71
278,5.69
278.1,5.69
278.2,5.67
278.3,5.66
278.4,5.75
278.5,5.74
278.6,5.74
278.7,5.68
278.8,5.65
278.9,5.65
279,5.63
279.1,5.56
279.2,5.46
279.3,5.39
279.4,5.38
279.5,5.38
279.6,5.38
279.7,5.38
279.8,5.39
279.9,5.49
280,5.51
280.1,5.52
280.2,5.53
280.3,5.54
280.4,5.56
280.5,5.58
280.6,5.58
280.7,5.58
280.8,5.58
280.9,5.59
281,5.61
281.1,5.64
281.2,5.66
281.3,5.67
281.4,5.69
281.5,5.71
281.6,5.75
281.7,5.78
281.8,5.82
281.9,5.85
282,5.85
282.1,5.85
282.2,5.87
282.3,5.9
282.4,5.93
282.5,5.94
282.6,5.96
282.7,5.96
282.8,5.96
282.9,5.96
283,5.96
283.1,5.96
283.2,5.95
283.3,5.96
283.4,5.93
283.5,5.91
283.6,5.87
283.7,5.87
283.8,5.86
283.9,5.86
284,5.86
284.1,5.93
284.2,5.97
284.3,5.97
284.4,5.97
284.5,5.97
284.6,5.97
284.7,5.97
284.8,5.97
284.9,5.97
285,5.97
285.1,5.97
285.2,5.97
285.3,5.97
285.4,5.97
285.5,5.97
285.6,5.96
285.7,5.96
285.8,5.96
285.9,5.96
286,5.96
286.1,5.96
286.2,5.96
286.3,5.96
286.4,5.96
286.5,5.97
286.6,6.02
286.7,6.04
286.8,6.04
286.9,6.04
287,6.04
287.1,6.04
287.2,6.04
287.3,6.04
287.4,6.01
287.5,5.95
287.6,5.93
287.7,5.88
287.8,5.82
287.9,5.71
288,5.71
288.1,5.71
288.2,5.71
288.3,5.68
288.4,5.64
288.5,5.64
288.6,5.64
288.7,5.64
288.8,5.64
288.9,5.62
289,5.59
289.1,5.59
289.2,5.59
289.3,5.58
289.4,5.56
289.5,5.54
289.6,5.52
289.7,5.48
289.8,5.43
289.9,5.42
290,5.42
290.1,5.43
290.2,5.42
290.3,5.39
290.4,5.37
290.5,5.37
290.6,5.37
290.7,5.37
290.8,5.34
290.9,5.29
291,5.28
291.1,5.27
291.2,5.23
291.3,5.14
291.4,5.11
291.5,5.11
291.6,5.08
291.7,5.08
291.8,5.08
291.9,5.1
292,5.1
292.1,5.15
292.2,5.27
292.3,5.28
292.4,5.28
292.5,5.28
292.6,5.28
292.7,5.28
292.8,5.28
292.9,5.28
293,5.29
293.1,5.31
293.2,5.33
293.3,5.33
293.4,5.33
293.5,5.33
293.6,5.33
293.7,5.32
293.8,5.31
293.9,5.26
294,5.21
294.1,5.19
294.2,5.17
294.3,5.17
294.4,5.17
294.5,5.17
294.6,5.17
294.7,5.2
294.8,5.2
294.9,5.2
295,5.2
295.1,5.19
295.2,5.18
295.3,5.18
295.4,5.18
295.5,5.18
295.6,5.18
295.7,5.18
295.8,5.2
295.9,5.25
296,5.25
296.1,5.25
296.2,5.25
296.3,5.27
296.4,5.31
296.5,5.36
296.6,5.43
296.7,5.56
296.8,5.67
296.9,5.73
297,5.79
297.1,5.82
297.2,5.85
297.3,5.95
297.4,5.96
297.5,5.96
297.6,5.97
297.7,5.98
297.8,6
297.9,6
298,6
298.1,6
298.2,6.02
298.3,6.02
298.4,6.02
298.5,6.03
298.6,6.03
298.7,6.03
298.8,6.04
298.9,6.05
299,6.04
299.1,6.04
299.2,6.04
299.3,6.04
299.4,6.04
299.5,6.04
299.6,6.05
299.7,6.05
299.8,6.05
299.9,6.05
300,6.05
300.1,6.05
300.2,6.04
300.3,6.01
300.4,5.94
300.5,5.95
300.6,5.94
300.7,5.95
300.8,5.95
300.9,5.95
301,5.94
301.1,5.95
301.2,5.95
301.3,5.94
301.4,5.94
301.5,5.94
301.6,5.95
301.7,5.95
301.8,5.94
301.9,5.94
302,5.94
302.1,5.93
302.2,5.92
302.3,5.92
302.4,5.92
302.5,5.92
302.6,5.92
302.7,5.92
302.8,5.92
302.9,5.92
303,5.92
303.1,5.92
303.2,5.92
303.3,5.92
303.4,5.92
303.5,5.92
303.6,5.92
303.7,5.92
303.8,5.92
303.9,5.92
304,5.92
304.1,5.92
304.2,5.92
304.3,5.92
304.4,5.93
304.5,5.92
304.6,5.92
304.7,5.92
304.8,5.92
304.9,5.92
305,5.92
305.1,5.92
305.2,5.92
305.3,5.88
305.4,5.88
305.5,5.84
305.6,5.79
305.7,5.79
305.8,5.79
305.9,5.79
306,5.79
306.1,5.75
306.2,5.74
306.3,5.72
306.4,5.72
306.5,5.72
306.6,5.76
306.7,5.79
306.8,5.8
306.9,5.84
307,5.88
307.1,5.9
307.2,5.91
307.3,5.94
307.4,5.96
307.5,5.97
307.6,6
307.7,6.01
307.8,6.04
307.9,6.06
308,6.11
308.1,6.14
308.2,6.14
308.3,6.15
308.4,6.15
308.5,6.19
308.6,6.22
308.7,6.22
308.8,6.22
308.9,6.22
309,6.22
309.1,6.24
309.2,6.25
309.3,6.26
309.4,6.27
309.5,6.31
309.6,6.32
309.7,6.31
309.8,6.31
309.9,6.31
310,6.31
310.1,6.29
310.2,6.29
310.3,6.26
310.4,6.25
310.5,6.25
310.6,6.25
310.7,6.25
310.8,6.17
310.9,6.17
311,6.14
311.1,6
311.2,5.85
311.3,5.83
311.4,5.78
311.5,5.73
311.6,5.73
311.7,5.74
311.8,5.77
311.9,5.9
312,5.96
312.1,6
312.2,5.98
312.3,5.88
312.4,5.83
312.5,5.83
312.6,5.82
312.7,5.78
312.8,5.73
312.9,5.65
313,5.64
313.1,5.64
313.2,5.64
313.3,5.64
313.4,5.58
313.5,5.58
313.6,5.62
313.7,5.67
313.8,5.69
313.9,5.69
314,5.69
314.1,5.69
314.2,5.68
314.3,5.66
314.4,5.57
314.5,5.49
314.6,5.49
314.7,5.49
314.8,5.49
314.9,5.48
315,5.48
315.1,5.48
315.2,5.48
315.3,5.48
315.4,5.45
315.5,5.42
315.6,5.38
315.7,5.32
315.8,5.3
315.9,5.27
316,5.19
316.1,5.08
316.2,5.08
316.3,5.08
316.4,5.07
316.5,5.06
316.6,4.99
316.7,4.94
316.8,4.93
316.9,4.93
317,4.93
317.1,4.95
317.2,4.94
317.3,4.89
317.4,4.88
317.5,4.83
317.6,4.76
317.7,4.76
317.8,4.75
317.9,4.7
318,4.68
318.1,4.61
318.2,4.54
318.3,4.54
318.4,4.54
318.5,4.54
318.6,4.51
318.7,4.51
318.8,4.55
318.9,4.57
319,4.51
319.1,4.54
319.2,4.58
319.3,4.57
319.4,4.59
319.5,4.77
319.6,4.92
319.7,5.08
319.8,5.27
319.9,5.38
320,5.38
320.1,5.35
320.2,5.38
320.3,5.39
320.4,5.42
320.5,5.34
320.6,5.35
320.7,5.38
320.8,5.43
320.9,5.44
321,5.44
321.1,5.44
321.2,5.46
321.3,5.55
321.4,5.57
321.5,5.58
321.6,5.59
321.7,5.62
321.8,5.66
321.9,5.67
322,5.67
322.1,5.67
322.2,5.67
322.3,5.67
322.4,5.68
322.5,5.71
322.6,5.71
322.7,5.71
322.8,5.74
322.9,5.75
323,5.76
323.1,5.78
323.2,5.82
323.3,5.83
323.4,5.82
323.5,5.79
323.6,5.78
323.7,5.72
323.8,5.72
323.9,5.72
324,5.65
324.1,5.64
324.2,5.53
324.3,5.53
324.4,5.53
324.5,5.52
324.6,5.49
324.7,5.45
324.8,5.44
324.9,5.42
325,5.39
325.1,5.34
325.2,5.25
325.3,5.19
325.4,5.15
325.5,5.12
325.6,5.09
325.7,5.09
325.8,5.09
325.9,5.09
326,5.2
326.1,5.21
326.2,5.23
326.3,5.23
326.4,5.23
326.5,5.23
326.6,5.28
326.7,5.29
326.8,5.29
326.9,5.29
327,5.29
327.1,5.29
327.2,5.29
327.3,5.35
327.4,5.45
327.5,5.53
327.6,5.58
327.7,5.61
327.8,5.67
327.9,5.71
328,5.71
328.1,5.72
328.2,5.82
328.3,5.87
328.4,5.9
328.5,5.91
328.6,5.94
328.7,5.96
328.8,5.96
328.9,5.96
329,5.96
329.1,5.96
329.2,5.96
329.3,5.9
329.4,5.86
329.5,5.86
329.6,5.86
329.7,5.86
329.8,5.86
329.9,5.86
330,5.86
330.1,5.86
330.2,5.86
330.3,5.86
330.4,5.86
330.5,5.85
330.6,5.82
330.7,5.82
330.8,5.82
330.9,5.82
331,5.82
331.1,5.82
331.2,5.82
331.3,5.82
331.4,5.82
331.5,5.82
331.6,5.82
331.7,5.82
331.8,5.82
331.9,5.82
332,5.82
332.1,5.82
332.2,5.68
332.3,5.64
332.4,5.64
332.5,5.64
332.6,5.64
332.7,5.63
332.8,5.63
332.9,5.61
333,5.59
333.1,5.59
333.2,5.59
333.3,5.59
333.4,5.66
333.5,5.71
333.6,5.76
333.7,5.77
333.8,5.78
333.9,5.8
334,5.82
334.1,5.82
334.2,5.83
334.3,5.85
334.4,5.85
334.5,5.85
334.6,5.85
334.7,5.85
334.8,5.92
334.9,5.92
335,5.92
335.1,5.92
335.2,5.92
335.3,5.92
335.4,5.95
335.5,5.96
335.6,5.96
335.7,5.97
335.8,6
335.9,6
336,5.99
336.1,5.83
336.2,5.81
336.3,5.81
336.4,5.82
336.5,5.83
336.6,5.82
336.7,5.83
336.8,5.79
336.9,5.76
337,5.69
337.1,5.56
337.2,5.5
337.3,5.47
337.4,5.34
337.5,5.32
337.6,5.32
337.7,5.26
337.8,5.23
337.9,5.23
338,5.15
338.1,5.09
338.2,5.07
338.3,5.05
338.4,5.03
338.5,4.98
338.6,4.93
338.7,4.92
338.8,4.86
338.9,4.84
339,4.83
339.1,4.84
339.2,4.93
339.3,5.05
339.4,5.19
339.5,5.2
339.6,5.28
339.7,5.36
339.8,5.44
339.9,5.49
340,5.56
340.1,5.64
340.2,5.64
340.3,5.65
340.4,5.64
340.5,5.64
340.6,5.64
340.7,5.64
340.8,5.64
340.9,5.64
341,5.64
341.1,5.36
341.2,5.37
341.3,5.38
341.4,5.4
341.5,5.4
341.6,5.4
341.7,5.36
341.8,5.25
341.9,5.2
342,5.2
342.1,5.18
342.2,5.11
342.3,5.1
342.4,5.07
342.5,5.03
342.6,5.01
342.7,4.91
342.8,4.84
342.9,4.95
343,4.94
343.1,4.94
343.2,4.93
343.3,4.89
343.4,4.87
343.5,4.87
343.6,4.87
343.7,4.86
343.8,4.84
343.9,4.84
344,4.82
344.1,4.81
344.2,4.82
344.3,4.94
344.4,5.13
344.5,5.26
344.6,5.34
344.7,5.45
344.8,5.52
344.9,5.58
345,5.59
345.1,5.59
345.2,5.62
345.3,5.65
345.4,5.67
345.5,5.67
345.6,5.67
345.7,5.67
345.8,5.67
345.9,5.65
346,5.64
346.1,5.63
346.2,5.6
346.3,5.56
346.4,5.55
346.5,5.55
346.6,5.55
346.7,5.58
346.8,5.62
346.9,5.62
347,5.61
347.1,5.61
347.2,5.61
347.3,5.62
347.4,5.61
347.5,5.49
347.6,5.49
347.7,5.49
347.8,5.49
347.9,5.49
348,5.49
348.1,5.49
348.2,5.44
348.3,5.36
348.4,5.33
348.5,5.27
348.6,5.25
348.7,5.19
348.8,5.16
348.9,5.14
349,5.1
349.1,5.1
349.2,5.09
349.3,5.05
349.4,5.02
349.5,4.99
349.6,4.98
349.7,4.97
349.8,4.99
349.9,5.17
350,5.31
350.1,5.23
350.2,5.15
350.3,5.14
350.4,5.1
350.5,5.08
350.6,5.11
350.7,5.2
350.8,5.27
350.9,5.33
351,5.38
351.1,5.42
351.2,5.47
351.3,5.49
351.4,5.52
351.5,5.53
351.6,5.53
351.7,5.55
351.8,5.56
351.9,5.53
352,5.53
352.1,5.53
352.2,5.48
352.3,5.48
352.4,5.47
352.5,5.47
352.6,5.45
352.7,5.44
352.8,5.44
352.9,5.44
353,5.46
353.1,5.46
353.2,5.45
353.3,5.37
353.4,5.36
353.5,5.35
353.6,5.26
353.7,5.19
353.8,5.17
353.9,5.11
354,5.11
354.1,5.09
354.2,5.08
354.3,5.06
354.4,5.05
354.5,5.05
354.6,5.05
354.7,5.02
354.8,5
354.9,4.98
355,4.98
355.1,4.98
355.2,4.98
355.3,4.98
355.4,4.98
355.5,4.98
355.6,5.03
355.7,5.09
355.8,5.24
355.9,5.33
356,5.42
356.1,5.45
356.2,5.45
356.3,5.38
356.4,5.29
356.5,5.29
356.6,5.31
356.7,5.33
356.8,5.36
356.9,5.37
357,5.39
357.1,5.42
357.2,5.45
357.3,5.47
357.4,5.49
357.5,5.53
357.6,5.54
357.7,5.56
357.8,5.56
357.9,5.58
358,5.61
358.1,5.63
358.2,5.64
358.3,5.66
358.4,5.68
358.5,5.69
358.6,5.72
358.7,5.72
358.8,5.72
358.9,5.68
359,5.68
359.1,5.68
359.2,5.68
359.3,5.68
359.4,5.69
359.5,5.71
359.6,5.72
359.7,5.72
359.8,5.72
359.9,5.73
360,5.73
360.1,5.73
360.2,5.69
360.3,5.62
360.4,5.61
360.5,5.59
360.6,5.53
360.7,5.48
360.8,5.44
360.9,5.33
361,5.18
361.1,5.14
361.2,5.02
361.3,4.95
361.4,4.94
361.5,4.93
361.6,4.92
361.7,4.87
361.8,4.85
361.9,4.85
362,4.83
362.1,4.81
362.2,4.81
362.3,4.88
362.4,4.9
362.5,4.95
362.6,5.02
362.7,5.08
362.8,5.2
362.9,5.28
363,5.44
363.1,5.48
363.2,5.56
363.3,5.67
363.4,5.82
363.5,5.96
363.6,6.11
363.7,6.2
363.8,6.32
363.9,6.35
364,6.36
364.1,6.4
364.2,6.4
364.3,6.4
364.4,6.4
364.5,6.34
364.6,6.31
364.7,6.31
364.8,6.31
364.9,6.25
365,6.24
365.1,6.24
365.2,6.24
365.3,6.24
365.4,6.24
365.5,6.23
365.6,6.22
365.7,6.17
365.8,6.17
365.9,6.04
366,6.04
366.1,6.04
366.2,6.04
366.3,6.04
366.4,6.04
366.5,6.04
366.6,6.04
366.7,6.04
366.8,6.04
366.9,6.04
367,6
367.1,5.97
367.2,5.92
367.3,5.91
367.4,5.9
367.5,5.9
367.6,5.9
367.7,5.9
367.8,5.9
367.9,5.9
368,5.9
368.1,5.93
368.2,6.06
368.3,6.1
368.4,6.1
368.5,6.09
368.6,6.1
368.7,6.1
368.8,6.1
368.9,6.1
369,6.1
369.1,6.1
369.2,6.1
369.3,6.1
369.4,6.1
369.5,6.1
369.6,6.1
369.7,6.1
369.8,6.1
369.9,6.1
370,6.1
370.1,6.1
370.2,6.1
370.3,6.1
370.4,6.1
370.5,6.1
370.6,6.07
370.7,6.06
370.8,6.05
370.9,5.97
371,5.97
371.1,5.97
371.2,5.97
371.3,5.97
371.4,5.97
371.5,5.97
371.6,5.97
371.7,5.97
371.8,6.02
371.9,6.2
372,6.29
372.1,6.29
372.2,6.32
372.3,6.35
372.4,6.35
372.5,6.34
372.6,6.35
372.7,6.34
372.8,6.33
372.9,6.3
373,6.27
373.1,6.24
373.2,6.24
373.3,6.24
373.4,6.19
373.5,6.13
373.6,6.12
373.7,6.12
373.8,6.14
373.9,6.14
374,6.16
374.1,6.12
374.2,6.06
374.3,6
374.4,5.95
374.5,5.94
374.6,5.87
374.7,5.79
374.8,5.64
374.9,5.56
375,5.5
375.1,5.45
375.2,5.46
375.3,5.45
375.4,5.45
375.5,5.46
375.6,5.45
375.7,5.44
375.8,5.33
375.9,5.46
376,5.78
376.1,6.06
376.2,6.33
376.3,6.51
376.4,6.53
376.5,6.56
376.6,6.59
376.7,6.59
376.8,6.68
376.9,6.82
377,6.84
377.1,6.84
377.2,6.84
377.3,6.77
377.4,6.74
377.5,6.74
377.6,6.63
377.7,6.46
377.8,6.37
377.9,6.37
378,6.35
378.1,6.31
378.2,6.28
378.3,6.24
378.4,6.16
378.5,6.05
378.6,5.82
378.7,5.61
378.8,5.48
378.9,5.39
379,5.36
379.1,5.35
379.2,5.32
379.3,5.31
379.4,5.31
379.5,5.31
379.6,5.31
379.7,5.33
379.8,5.33
379.9,5.37
380,5.51
380.1,5.67
380.2,5.67
380.3,5.84
380.4,5.97
380.5,6.01
380.6,6.01
380.7,6.05
380.8,6.06
380.9,6.06
381,6.06
381.1,6.06
381.2,6.03
381.3,5.98
381.4,5.97
381.5,5.95
381.6,5.95
381.7,5.95
381.8,5.95
381.9,5.93
382,5.91
382.1,5.91
382.2,5.91
382.3,5.91
382.4,5.95
382.5,5.96
382.6,5.97
382.7,5.98
382.8,6.02
382.9,6.06
383,6.12
383.1,6.15
383.2,6.21
383.3,6.21
383.4,6.23
383.5,6.26
383.6,6.3
383.7,6.3
383.8,6.34
383.9,6.35
384,6.35
384.1,6.36
384.2,6.35
384.3,6.35
384.4,6.35
384.5,6.35
384.6,6.35
384.7,6.34
384.8,6.29
384.9,6.26
385,6.26
385.1,6.26
385.2,6.27
385.3,6.26
385.4,6.27
385.5,6.27
385.6,6.27
385.7,6.27
385.8,6.27
385.9,6.27
386,6.29
386.1,6.29
386.2,6.29
386.3,6.3
386.4,6.3
386.5,6.3
386.6,6.3
386.7,6.33
386.8,6.36
386.9,6.36
387,6.36
387.1,6.34
387.2,6.35
387.3,6.38
387.4,6.5
387.5,6.53
387.6,6.53
387.7,6.56
387.8,6.59
387.9,6.65
388,6.66
388.1,6.66
388.2,6.66
388.3,6.66
388.4,6.6
388.5,6.61
388.6,6.6
388.7,6.6
388.8,6.55
388.9,6.55
389,6.55
389.1,6.53
389.2,6.46
389.3,6.43
389.4,6.34
389.5,6.25
389.6,6.14
389.7,6.1
389.8,6.1
389.9,6.19
390,6.4
390.1,6.45
390.2,6.45
390.3,6.45
390.4,6.46
390.5,6.52
390.6,6.56
390.7,6.58
390.8,6.56
390.9,6.51
391,6.48
391.1,6.49
391.2,6.48
391.3,6.49
391.4,6.49
391.5,6.49
391.6,6.49
391.7,6.49
391.8,6.49
391.9,6.49
392,6.48
392.1,6.48
392.2,6.49
392.3,6.48
392.4,6.37
392.5,6.31
392.6,6.3
392.7,6.28
392.8,6.08
392.9,5.84
393,5.75
393.1,5.73
393.2,5.65
393.3,5.65
393.4,5.64
393.5,5.58
393.6,5.55
393.7,5.55
393.8,5.64
393.9,5.66
394,5.76
394.1,5.82
394.2,5.82
394.3,5.9
394.4,5.92
394.5,5.92
394.6,5.92
394.7,5.94
394.8,5.94
394.9,6.04
395,6.1
395.1,6.21
395.2,6.31
395.3,6.44
395.4,6.51
395.5,6.58
395.6,6.64
395.7,6.66
395.8,6.76
395.9,6.81
396,6.81
396.1,6.81
396.2,6.82
396.3,6.81
396.4,6.81
396.5,6.77
396.6,6.77
396.7,6.76
396.8,6.76
396.9,6.76
397,6.76
397.1,6.76
397.2,6.8
397.3,6.85
397.4,6.96
397.5,7.06
397.6,7.12
397.7,7.13
397.8,7.22
397.9,7.23
398,7.26
398.1,7.35
398.2,7.4
398.3,7.46
398.4,7.55
398.5,7.6
398.6,7.64
398.7,7.64
398.8,7.64
398.9,7.64
399,7.62
399.1,7.59
399.2,7.59
399.3,7.58
399.4,7.59
399.5,7.59
399.6,7.59
399.7,7.59
399.8,7.59
399.9,7.59
400,7.59
400.1,7.58
400.2,7.58
400.3,7.52
400.4,7.29
400.5,7.19
400.6,6.95
400.7,6.79
400.8,6.57
400.9,6.38
401,6.21
401.1,6.21
401.2,6.2
401.3,6.06
401.4,5.99
401.5,5.85
401.6,5.8
401.7,5.65
401.8,5.54
401.9,5.39
402,5.33
402.1,5.31
402.2,5.32
402.3,5.53
402.4,5.55
402.5,5.54
402.6,5.52
402.7,5.56
402.8,5.56
402.9,5.55
403,5.52
403.1,5.49
403.2,5.49
403.3,5.48
403.4,5.54
403.5,5.77
403.6,5.95
403.7,6.11
403.8,6.14
403.9,6.21
404,6.28
404.1,6.37
404.2,6.42
404.3,6.53
404.4,6.6
404.5,6.63
404.6,6.65
404.7,6.65
404.8,6.65
404.9,6.65
405,6.61
405.1,6.59
405.2,6.51
405.3,6.51
405.4,6.51
405.5,6.51
405.6,6.51
405.7,6.51
405.8,6.51
405.9,6.49
406,6.44
406.1,6.26
406.2,5.97
406.3,5.98
406.4,6.18
406.5,6.26
406.6,6.43
406.7,6.49
406.8,6.56
406.9,6.58
407,6.58
407.1,6.58
407.2,6.56
407.3,6.61
407.4,6.74
407.5,6.88
407.6,6.95
407.7,7
407.8,7
407.9,7
408,6.98
408.1,6.93
408.2,6.9
408.3,6.89
408.4,6.89
408.5,6.89
408.6,6.89
408.7,6.89
408.8,6.89
408.9,6.89
409,6.83
409.1,6.76
409.2,6.76
409.3,6.77
409.4,6.85
409.5,6.89
409.6,6.94
409.7,6.96
409.8,7.02
409.9,7.12
410,7.13
410.1,7.14
410.2,7.19
410.3,7.25
410.4,7.28
410.5,7.3
410.6,7.32
410.7,7.32
410.8,7.31
410.9,7.31
411,7.31
411.1,7.31
411.2,7.31
411.3,7.31
411.4,7.31
411.5,7.31
411.6,7.31
411.7,7.31
411.8,7.31
411.9,7.33
412,7.38
412.1,7.38
412.2,7.41
412.3,7.41
412.4,7.34
412.5,7.31
412.6,7.31
412.7,7.3
412.8,7.21
412.9,7.07
413,6.95
413.1,7.01
413.2,7.01
413.3,7.01
413.4,7.01
413.5,6.99
413.6,6.99
413.7,6.94
413.8,6.87
413.9,6.87
414,6.87
414.1,6.76
414.2,6.71
414.3,6.71
414.4,6.72
414.5,6.73
414.6,6.73
414.7,6.72
414.8,6.65
414.9,6.61
415,6.6
415.1,6.6
415.2,6.6
415.3,6.6
415.4,6.57
415.5,6.55
415.6,6.55
415.7,6.55
415.8,6.55
415.9,6.6
416,6.61
416.1,6.65
416.2,6.65
416.3,6.65
416.4,6.65
416.5,6.65
416.6,6.65
416.7,6.65
416.8,6.65
416.9,6.74
417,6.84
417.1,6.89
417.2,6.92
417.3,6.92
417.4,6.92
417.5,6.95
417.6,6.95
417.7,6.95
417.8,6.92
417.9,6.91
418,6.91
418.1,6.91
418.2,6.91
418.3,6.91
418.4,6.91
418.5,6.89
418.6,6.87
418.7,6.83
418.8,6.78
418.9,6.74
419,6.74
419.1,6.71
419.2,6.6
419.3,6.51
419.4,6.51
419.5,6.51
419.6,6.51
419.7,6.42
419.8,6.38
419.9,6.29
420,6.17
420.1,6.1
420.2,6.02
420.3,6.01
420.4,5.97
420.5,5.96
420.6,5.96
420.7,5.96
420.8,5.96
420.9,5.96
421,5.96
421.1,5.96
421.2,5.95
421.3,5.86
421.4,5.82
421.5,5.77
421.6,5.77
421.7,5.77
421.8,5.77
421.9,5.77
422,5.84
422.1,5.87
422.2,5.87
422.3,5.91
422.4,5.91
422.5,5.91
422.6,5.94
422.7,6.05
422.8,6.06
422.9,6.08
423,6.12
423.1,6.16
423.2,6.19
423.3,6.19
423.4,6.19
423.5,6.21
423.6,6.21
423.7,6.21
423.8,6.21
423.9,6.13
424,6.1
424.1,6.08
424.2,6.08
424.3,6.08
424.4,6.08
424.5,6.08
424.6,6.08
424.7,6.07
424.8,6.05
424.9,6.05
425,6.03
425.1,6.01
425.2,6.01
425.3,6.01
425.4,6.01
425.5,6.03
425.6,6.06
425.7,6.06
425.8,6.06
425.9,6.06
426,6.06
426.1,6.05
426.2,6.05
426.3,6.05
426.4,6.05
426.5,6.05
426.6,6.06
426.7,6.1
426.8,6.14
426.9,6.15
427,6.15
427.1,6.17
427.2,6.23
427.3,6.23
427.4,6.24
427.5,6.24
427.6,6.27
427.7,6.29
427.8,6.29
427.9,6.29
428,6.29
428.1,6.27
428.2,6.26
428.3,6.26
428.4,6.26
428.5,6.27
428.6,6.27
428.7,6.29
428.8,6.27
428.9,6.23
429,6.14
429.1,6.14
429.2,6.14
429.3,6.11
429.4,6.01
429.5,5.97
429.6,5.94
429.7,5.88
429.8,5.86
429.9,5.82
430,5.77
430.1,5.71
430.2,5.71
430.3,5.71
430.4,5.74
430.5,5.79
430.6,5.87
430.7,5.87
430.8,5.91
430.9,6
431,6.01
431.1,6.01
431.2,6.04
431.3,6.1
431.4,6.13
431.5,6.16
431.6,6.22
431.7,6.3
431.8,6.32
431.9,6.36
432,6.43
432.1,6.53
432.2,6.59
432.3,6.71
432.4,6.83
432.5,7.08
432.6,7.38
432.7,7.41
432.8,7.57
432.9,7.78
433,7.98
433.1,8.26
433.2,8.51
433.3,8.86
433.4,8.99
433.5,8.99
433.6,8.99
433.7,8.99
433.8,8.98
433.9,8.98
434,8.97
434.1,8.95
434.2,8.95
434.3,8.95
434.4,8.95
434.5,8.95
434.6,8.95
434.7,8.96
434.8,8.97
434.9,8.97
435,8.96
435.1,8.98
435.2,8.99
435.3,8.99
435.4,8.99
435.5,8.99
435.6,8.99
435.7,8.99
435.8,8.99
435.9,8.99
436,8.99
436.1,8.99
436.2,8.99
436.3,8.99
436.4,8.98
436.5,8.66
436.6,8.08
436.7,6.91
436.8,6.05
436.9,5.1
437,5.04
437.1,5.04
437.2,5.04
437.3,5.35
437.4,5.58
437.5,5.58
437.6,5.58
437.7,5.71
437.8,5.9
437.9,5.97
438,6.14
438.1,6.32
438.2,6.41
438.3,6.46
438.4,6.46
438.5,6.53
438.6,6.63
438.7,6.64
438.8,6.66
438.9,6.72
439,6.77
439.1,6.79
439.2,6.79
439.3,6.74
439.4,6.73
439.5,6.72
439.6,6.64
439.7,6.63
439.8,6.63
439.9,6.58
440,6.44
440.1,6.35
440.2,6.27
440.3,6.27
440.4,6.27
440.5,6.27
440.6,6.27
440.7,6.26
440.8,6.22
440.9,6.2
441,6.17
441.1,6.17
441.2,6.17
441.3,6.17
441.4,6.17
441.5,6.17
441.6,6.17
441.7,6.17
441.8,6.17
441.9,6.2
442,6.22
442.1,6.25
442.2,6.38
442.3,6.42
442.4,6.42
442.5,6.48
442.6,6.55
442.7,6.59
442.8,6.63
442.9,6.67
443,6.73
443.1,6.75
443.2,6.77
443.3,6.82
443.4,6.88
443.5,6.88
443.6,6.93
443.7,7.03
443.8,7.08
443.9,7.15
444,7.33
444.1,7.37
444.2,7.43
444.3,7.48
444.4,7.51
444.5,7.54
444.6,7.58
444.7,7.66
444.8,7.71
444.9,7.79
445,7.86
445.1,7.88
445.2,7.88
445.3,7.89
445.4,7.83
445.5,7.83
445.6,7.83
445.7,7.83
445.8,7.83
445.9,7.7
446,7.68
446.1,7.68
446.2,7.6
446.3,7.54
446.4,7.44
446.5,7.44
446.6,7.44
446.7,7.34
446.8,7.32
446.9,7.23
447,7.18
447.1,7.14
447.2,7.15
447.3,7.13
447.4,7.1
447.5,7.01
447.6,7.01
447.7,7.01
447.8,7.04
447.9,7.04
448,7.08
448.1,7.08
448.2,7.06
448.3,7.05
448.4,7.04
448.5,7.03
448.6,6.99
448.7,6.87
448.8,6.83
448.9,6.81
449,6.79
449.1,6.71
449.2,6.6
449.3,6.6
449.4,6.6
449.5,6.6
449.6,6.6
449.7,6.58
449.8,6.59
449.9,6.58
450,6.57
450.1,6.53
450.2,6.52
450.3,6.52
450.4,6.51
450.5,6.51
450.6,6.51
450.7,6.53
450.8,6.67
450.9,6.76
451,6.8
451.1,6.83
451.2,6.83
451.3,6.83
451.4,6.83
451.5,6.83
451.6,6.88
451.7,6.89
451.8,6.9
451.9,6.92
452,6.96
452.1,7.01
452.2,7.01
452.3,7.01
452.4,7.06
452.5,7.11
452.6,7.15
452.7,7.17
452.8,7.17
452.9,7.18
453,7.17
453.1,7.13
453.2,7.12
453.3,7.13
453.4,7.14
453.5,7.15
453.6,7.18
453.7,7.18
453.8,7.24
453.9,7.24
454,7.28
454.1,7.3
454.2,7.32
454.3,7.25
454.4,7.24
454.5,7.22
454.6,7.2
454.7,7.19
454.8,7.13
454.9,7.12
455,7.04
455.1,7.02
455.2,6.95
455.3,6.91
455.4,6.84
455.5,6.74
455.6,6.74
455.7,6.69
455.8,6.56
455.9,6.38
456,6.34
456.1,6.34
456.2,6.34
456.3,6.33
456.4,6.31
456.5,6.29
456.6,6.29
456.7,6.26
456.8,6.23
456.9,6.15
457,6.14
457.1,6.13
457.2,6.11
457.3,6.1
457.4,6.07
457.5,6.07
457.6,6.06
457.7,6.1
457.8,6.11
457.9,6.16
458,6.21
458.1,6.32
458.2,6.33
458.3,6.36
458.4,6.41
458.5,6.45
458.6,6.53
458.7,6.59
458.8,6.72
458.9,6.85
459,6.98
459.1,7.13
459.2,7.23
459.3,7.36
459.4,7.42
459.5,7.55
459.6,7.69
459.7,7.81
459.8,7.95
459.9,7.96
460,8.05
460.1,8.2
460.2,8.27
460.3,8.4
460.4,8.41
460.5,8.38
460.6,8.31
460.7,8.3
460.8,8.3
460.9,8.3
461,8.3
461.1,8.29
461.2,8.29
461.3,8.28
461.4,8.23
461.5,8.16
461.6,8.11
461.7,8.06
461.8,8.01
461.9,8.01
462,8.01
462.1,7.99
462.2,7.93
462.3,7.88
462.4,7.85
462.5,7.79
462.6,7.73
462.7,7.71
462.8,7.69
462.9,7.67
463,7.67
463.1,7.67
463.2,7.76
463.3,7.83
463.4,7.82
463.5,7.8
463.6,7.75
463.7,7.75
463.8,7.75
463.9,7.75
464,7.72
464.1,7.72
464.2,7.72
464.3,7.72
464.4,7.72
464.5,7.76
464.6,7.76
464.7,7.76
464.8,7.72
464.9,7.68
465,7.68
465.1,7.68
465.2,7.63
465.3,7.58
465.4,7.5
465.5,7.46
465.6,7.37
465.7,7.35
465.8,7.31
465.9,7.21
466,7.13
466.1,7.12
466.2,7.12
466.3,7.09
466.4,7.01
466.5,7
466.6,6.95
466.7,6.94
466.8,6.93
466.9,6.93
467,6.93
467.1,6.89
467.2,6.89
467.3,6.9
467.4,6.9
467.5,6.91
467.6,6.91
467.7,6.93
467.8,6.93
467.9,6.93
468,6.93
468.1,6.93
468.2,6.93
468.3,6.93
468.4,6.93
468.5,6.93
468.6,6.93
468.7,6.93
468.8,6.93
468.9,6.93
469,6.93
469.1,6.93
469.2,6.93
469.3,6.94
469.4,6.98
469.5,7.03
469.6,7.03
469.7,7.03
469.8,7.03
469.9,7.04
470,7.04
470.1,7.04
470.2,7.04
470.3,7.03
470.4,6.96
470.5,6.96
470.6,6.96
470.7,6.96
470.8,6.98
470.9,7.01
471,7.01
471.1,7.01
471.2,7.01
471.3,6.99
471.4,6.98
471.5,6.98
471.6,6.98
471.7,6.98
471.8,6.98
471.9,6.98
472,6.98
472.1,6.98
472.2,7.01
472.3,7.03
472.4,7.06
472.5,7.14
472.6,7.18
472.7,7.19
472.8,7.19
472.9,7.19
473,7.14
473.1,7.14
473.2,7.14
473.3,7.14
473.4,7.14
473.5,7.09
473.6,7.08
473.7,6.91
473.8,6.9
473.9,6.9
474,6.9
474.1,6.9
474.2,6.9
474.3,6.88
474.4,6.85
474.5,6.85
474.6,6.85
474.7,6.88
474.8,6.98
474.9,6.98
475,7
475.1,7.06
475.2,7.13
475.3,7.15
475.4,7.19
475.5,7.23
475.6,7.27
475.7,7.29
475.8,7.3
475.9,7.31
476,7.33
476.1,7.34
476.2,7.37
476.3,7.38
476.4,7.39
476.5,7.4
476.6,7.39
476.7,7.37
476.8,7.37
476.9,7.38
477,7.38
477.1,7.37
477.2,7.37
477.3,7.38
477.4,7.37
477.5,7.35
477.6,7.35
477.7,7.35
477.8,7.35
477.9,7.31
478,7.31
478.1,7.31
478.2,7.31
478.3,7.31
478.4,7.31
478.5,7.31
478.6,7.33
478.7,7.37
478.8,7.38
478.9,7.39
479,7.41
479.1,7.47
479.2,7.48
479.3,7.49
479.4,7.51
479.5,7.54
479.6,7.58
479.7,7.59
479.8,7.59
479.9,7.59
480,7.59
480.1,7.59
480.2,7.59
480.3,7.59
480.4,7.47
480.5,7.38
480.6,7.38
480.7,7.35
480.8,7.05
480.9,6.99
481,6.99
481.1,6.94
481.2,6.72
481.3,6.55
481.4,6.46
481.5,6.27
481.6,5.92
481.7,5.38
481.8,5.21
481.9,5.14
482,4.94
482.1,4.61
482.2,4.24
482.3,3.54
482.4,2.71
482.5,2.21
482.6,2.13
482.7,1.98
482.8,1.72
482.9,1.47
483,1.22
483.1,1.09
483.2,0.8
483.3,0.67
483.4,0.65
483.5,0.62
483.6,0.57
483.7,0.49
483.8,0.3
483.9,0.27
484,0.27
484.1,0.27
484.2,0.27
484.3,0.27
484.4,0.27
484.5,0.27
484.6,0.27
484.7,0.27
484.8,0.27
484.9,0.26
485,0.26
485.1,0.53
485.2,1.93
485.3,4.42
485.4,6.03
485.5,6.4
485.6,6.4
485.7,7.05
485.8,7.31
485.9,7.25
486,7.31
486.1,7.41
486.2,7.4
486.3,7.13
486.4,7.13
486.5,7.15
486.6,7.09
486.7,7
486.8,6.77
486.9,6.75
487,6.72
487.1,6.62
487.2,6.53
487.3,6.49
487.4,6.49
487.5,6.49
487.6,6.49
487.7,6.49
487.8,6.49
487.9,6.49
488,6.49
488.1,6.49
488.2,6.49
488.3,6.49
488.4,6.43
488.5,6.37
488.6,6.37
488.7,6.35
488.8,6.35
488.9,6.35
489,6.35
489.1,6.45
489.2,6.54
489.3,6.59
489.4,6.77
489.5,6.79
489.6,6.81
489.7,6.83
489.8,6.89
489.9,6.91
490,6.96
490.1,6.98
490.2,6.98
490.3,6.96
490.4,6.98
490.5,7.03
490.6,7.11
490.7,7.11
490.8,7.12
490.9,7.14
491,7.15
491.1,7.15
491.2,7.13
491.3,7.14
491.4,7.13
491.5,7.13
491.6,7.13
491.7,7.13
491.8,7.14
491.9,7.12
492,7.09
492.1,7.09
492.2,7.09
492.3,7.09
492.4,7.08
492.5,7.03
492.6,6.82
492.7,6.77
492.8,6.46
492.9,6.46
493,6.46
493.1,6.56
493.2,6.62
493.3,6.69
493.4,6.7
493.5,6.7
493.6,6.62
493.7,6.55
493.8,6.55
493.9,6.55
494,6.47
494.1,6.45
494.2,6.45
494.3,6.45
494.4,6.45
494.5,6.45
494.6,6.6
494.7,6.61
494.8,6.61
494.9,6.62
495,6.69
495.1,6.82
495.2,6.89
495.3,6.91
495.4,6.99
495.5,7
495.6,7
495.7,7
495.8,7
495.9,7
496,7
496.1,7.01
496.2,7.01
496.3,7.01
496.4,7.01
496.5,7.01
496.6,6.99
496.7,6.96
496.8,6.96
496.9,6.96
497,6.96
497.1,6.96
497.2,6.96
497.3,6.96
497.4,6.96
497.5,6.87
497.6,6.87
497.7,6.87
497.8,6.87
497.9,6.87
498,6.94
498.1,6.98
498.2,6.96
498.3,6.92
498.4,6.9
498.5,6.9
498.6,6.9
498.7,6.9
498.8,6.9
498.9,6.9
499,6.9
499.1,6.9
499.2,6.85
499.3,6.85
499.4,6.85
499.5,6.87
499.6,6.93
499.7,6.94
499.8,6.94
499.9,6.94
500,6.94
500.1,6.94
500.2,6.94
500.3,6.94
500.4,6.9
500.5,6.8
500.6,6.79
500.7,6.8
500.8,6.8
500.9,6.79
501,6.8
501.1,6.79
501.2,6.85
501.3,6.91
501.4,6.91
501.5,6.93
501.6,6.94
501.7,6.94
501.8,6.94
501.9,6.94
502,6.94
502.1,6.94
502.2,6.93
502.3,6.92
502.4,6.92
502.5,6.88
502.6,6.87
502.7,6.82
502.8,6.71
502.9,6.52
503,6.49
503.1,6.49
503.2,6.49
503.3,6.46
503.4,6.38
503.5,6.35
503.6,6.23
503.7,6.15
503.8,5.94
503.9,5.85
504,5.75
504.1,5.74
504.2,5.72
504.3,5.69
504.4,5.66
504.5,5.62
504.6,5.56
504.7,5.5
504.8,5.48
504.9,5.54
505,5.59
505.1,5.73
505.2,5.83
505.3,5.88
505.4,5.88
505.5,5.88
505.6,5.88
505.7,5.88
505.8,5.88
505.9,5.97
506,6
506.1,6.07
506.2,6.13
506.3,6.13
506.4,6.13
506.5,6.19
506.6,6.17
506.7,6.18
506.8,6.19
506.9,6.2
507,6.2
507.1,6.21
507.2,6.21
507.3,6.21
507.4,6.23
507.5,6.3
507.6,6.34
507.7,6.42
507.8,6.48
507.9,6.48
508,6.5
508.1,6.56
508.2,6.6
508.3,6.65
508.4,6.75
508.5,6.85
508.6,6.94
508.7,7.09
508.8,7.18
508.9,7.23
509,7.25
509.1,7.29
509.2,7.34
509.3,7.35
509.4,7.35
509.5,7.37
509.6,7.44
509.7,7.5
509.8,7.53
509.9,7.61
510,7.75
510.1,7.79
510.2,7.79
510.3,7.71
510.4,7.64
510.5,7.63
510.6,7.63
510.7,7.53
510.8,7.51
510.9,7.42
511,7.15
511.1,7.14
511.2,7.12
511.3,7.08
511.4,6.99
511.5,6.95
511.6,6.96
511.7,7.03
511.8,7.04
511.9,7.15
512,7.33
512.1,7.42
512.2,7.52
512.3,7.65
512.4,7.73
512.5,7.73
512.6,7.46
512.7,7.42
512.8,7.44
512.9,7.56
513,7.58
513.1,7.58
513.2,7.57
513.3,7.56
513.4,7.51
513.5,7.32
513.6,7.32
513.7,7.38
513.8,7.38
513.9,7.38
514,7.38
514.1,7.38
514.2,7.38
514.3,7.38
514.4,7.38
514.5,7.37
514.6,7.23
514.7,7.13
514.8,7.11
514.9,7.11
515,7.11
515.1,6.97
515.2,6.82
515.3,6.8
515.4,6.66
515.5,6.58
515.6,6.45
515.7,6.45
515.8,6.45
515.9,6.52
516,6.58
516.1,6.59
516.2,6.61
516.3,6.61
516.4,6.61
516.5,6.61
516.6,6.61
516.7,6.61
516.8,6.66
516.9,6.81
517,6.94
517.1,7.05
517.2,7.19
517.3,7.2
517.4,7.21
517.5,7.24
517.6,7.25
517.7,7.33
517.8,7.42
517.9,7.52
518,7.63
518.1,7.64
518.2,7.64
518.3,7.63
518.4,7.58
518.5,7.5
518.6,7.39
518.7,7.39
518.8,7.38
518.9,7.4
519,7.41
519.1,7.39
519.2,7.39
519.3,7.39
519.4,7.38
519.5,7.35
519.6,7.33
519.7,7.31
519.8,7.31
519.9,7.31
520,7.28
520.1,7.22
520.2,7.2
520.3,7.2
520.4,7.18
520.5,7.09
520.6,6.98
520.7,6.98
520.8,6.98
520.9,6.91
521,6.91
521.1,6.89
521.2,6.99
521.3,6.91
521.4,6.91
521.5,6.84
521.6,6.82
521.7,6.62
521.8,6.49
521.9,6.41
522,6.33
522.1,6.21
522.2,6.14
522.3,6.05
522.4,6.04
522.5,6.01
522.6,5.88
522.7,5.73
522.8,5.69
522.9,5.69
523,5.66
523.1,5.62
523.2,5.56
523.3,5.52
523.4,5.52
523.5,5.5
523.6,5.5
523.7,5.53
523.8,5.55
523.9,5.63
524,5.63
524.1,5.55
524.2,5.46
524.3,5.46
524.4,5.46
524.5,5.34
524.6,5.34
524.7,5.34
524.8,5.33
524.9,5.27
525,5.23
525.1,5.23
525.2,5.23
525.3,5.23
525.4,5.23
525.5,5.23
525.6,5.23
525.7,5.23
525.8,5.23
525.9,5.23
526,5.23
526.1,5.23
526.2,5.23
526.3,5.17
526.4,5.15
526.5,5.09
526.6,5.06
526.7,5.06
526.8,5.07
526.9,5.23
527,5.56
527.1,5.68
527.2,5.68
527.3,5.74
527.4,5.83
527.5,5.88
527.6,5.9
527.7,5.94
527.8,6.01
527.9,6.02
528,6.04
528.1,6.04
528.2,6.04
528.3,6.04
528.4,6.06
528.5,6.1
528.6,6.13
528.7,6.14
528.8,6.25
528.9,6.26
529,6.26
529.1,6.33
529.2,6.36
529.3,6.42
529.4,6.45
529.5,6.45
529.6,6.46
529.7,6.46
529.8,6.49
529.9,6.52
530,6.52
530.1,6.52
530.2,6.58
530.3,6.62
530.4,6.63
530.5,6.69
530.6,6.71
530.7,6.76
530.8,6.77
530.9,6.81
531,6.81
531.1,6.81
531.2,6.79
531.3,6.75
531.4,6.7
531.5,6.7
531.6,6.62
531.7,6.56
531.8,6.55
531.9,6.55
532,6.55
532.1,6.53
532.2,6.46
532.3,6.42
532.4,6.41
532.5,6.34
532.6,6.16
532.7,6.14
532.8,6.1
532.9,6.07
533,6.06
533.1,6.06
533.2,6.16
533.3,6.16
533.4,6.16
533.5,6.16
533.6,6.16
533.7,6.16
533.8,6.16
533.9,6.16
534,6.16
534.1,6.16
534.2,6.11
534.3,6.11
534.4,6.07
534.5,6
534.6,6
534.7,5.98
534.8,6
534.9,6.16
535,6.36
535.1,6.54
535.2,6.66
535.3,6.79
535.4,6.91
535.5,7.07
535.6,7.17
535.7,7.17
535.8,7.14
535.9,7.14
536,7.13
536.1,7.11
536.2,6.98
536.3,6.96
536.4,6.92
536.5,6.91
536.6,6.86
536.7,6.85
536.8,6.85
536.9,6.89
537,6.89
537.1,6.85
537.2,6.62
537.3,6.62
537.4,6.4
537.5,6.12
537.6,5.92
537.7,5.88
537.8,5.87
537.9,5.87
538,5.87
538.1,5.91
538.2,5.92
538.3,5.89
538.4,5.82
538.5,5.67
538.6,5.56
538.7,5.41
538.8,5.27
538.9,5.27
539,5.27
539.1,5.28
539.2,5.28
539.3,5.27
539.4,5.21
539.5,5.19
539.6,5.19
539.7,5.16
539.8,5.11
539.9,5.04
540,5.02
540.1,5.03
540.2,5.11
540.3,5.2
540.4,5.33
540.5,5.46
540.6,5.56
540.7,5.62
540.8,5.68
540.9,5.72
541,5.74
541.1,5.76
541.2,5.76
541.3,5.76
541.4,5.76
541.5,5.71
541.6,5.71
541.7,5.71
541.8,5.77
541.9,5.77
542,5.77
542.1,5.77
542.2,5.77
542.3,5.8
542.4,5.81
542.5,5.83
542.6,5.83
542.7,5.83
542.8,5.8
542.9,5.67
543,5.66
543.1,5.66
543.2,5.64
543.3,5.58
543.4,5.56
543.5,5.5
543.6,5.4
543.7,5.34
543.8,5.18
543.9,5.1
544,5.1
544.1,5.1
544.2,5.11
544.3,5.14
544.4,5.21
544.5,5.23
544.6,5.23
544.7,5.25
544.8,5.25
544.9,5.25
545,5.21
545.1,5.17
545.2,5.15
545.3,5.15
545.4,5.15
545.5,5.11
545.6,5.1
545.7,5.1
545.8,5.08
545.9,5.04
546,4.97
546.1,4.97
546.2,4.9
546.3,4.71
546.4,4.7
546.5,4.7
546.6,4.7
546.7,4.7
546.8,4.69
546.9,4.68
547,4.68
547.1,4.67
547.2,4.53
547.3,4.39
547.4,4.36
547.5,4.35
547.6,4.32
547.7,4.25
547.8,4.22
547.9,4.22
548,4.22
548.1,4.2
548.2,4.19
548.3,4.19
548.4,4.19
548.5,4.19
548.6,4.19
548.7,4.32
548.8,4.47
548.9,4.76
549,4.91
549.1,5.16
549.2,5.33
549.3,5.4
549.4,5.45
549.5,5.48
549.6,5.59
549.7,5.71
549.8,5.92
549.9,6.07
550,6.22
550.1,6.44
550.2,6.83
550.3,6.85
550.4,6.85
550.5,6.82
550.6,6.83
550.7,6.88
550.8,6.88
550.9,6.85
551,6.67
551.1,6.67
551.2,6.67
551.3,6.51
551.4,6.48
551.5,6.17
551.6,6.04
551.7,5.93
551.8,5.82
551.9,5.75
552,5.76
552.1,5.79
552.2,5.72
552.3,5.76
552.4,5.82
552.5,5.83
552.6,5.85
552.7,5.9
552.8,5.92
552.9,5.94
553,5.94
553.1,5.94
553.2,5.87
553.3,5.85
553.4,5.85
553.5,5.85
553.6,5.92
553.7,6.01
553.8,6.02
553.9,6.05
554,6.05
554.1,6.05
554.2,6.05
554.3,6.05
554.4,6.04
554.5,6.03
554.6,6.03
554.7,6.03
554.8,6.03
554.9,6.03
555,6.03
555.1,6.03
555.2,6.03
555.3,6.03
555.4,6.03
555.5,6.03
555.6,6.11
555.7,6.22
555.8,6.35
555.9,6.41
556,6.49
556.1,6.57
556.2,6.73
556.3,6.76
556.4,6.8
556.5,6.94
556.6,7
556.7,7.01
556.8,7.09
556.9,7.13
557,7.13
557.1,6.98
557.2,6.99
557.3,7.01
557.4,7.04
557.5,7.04
557.6,7.04
557.7,7.04
557.8,7.04
557.9,7.06
558,7.06
558.1,7.06
558.2,7.06
558.3,7.05
558.4,7.04
558.5,6.88
558.6,6.87
558.7,6.85
558.8,6.85
558.9,6.85
559,6.85
559.1,6.85
559.2,6.84
559.3,6.84
559.4,6.81
559.5,6.76
559.6,6.76
559.7,6.73
559.8,6.71
559.9,6.65
560,6.65
560.1,6.65
560.2,6.65
560.3,6.61
560.4,6.6
560.5,6.58
560.6,6.54
560.7,6.48
560.8,6.46
560.9,6.43
561,6.42
561.1,6.42
561.2,6.46
561.3,6.51
561.4,6.54
561.5,6.58
561.6,6.7
561.7,6.77
561.8,6.77
561.9,6.77
562,6.78
562.1,6.83
562.2,6.85
562.3,6.87
562.4,6.89
562.5,6.95
562.6,7.03
562.7,7.11
562.8,7.12
562.9,7.18
563,7.23
563.1,7.27
563.2,7.27
563.3,7.14
563.4,7.1
563.5,7.02
563.6,7.01
563.7,7
563.8,6.96
563.9,6.87
564,6.75
564.1,6.74
564.2,6.58
564.3,6.56
564.4,6.49
564.5,6.35
564.6,6.3
564.7,6.29
564.8,6.17
564.9,6.12
565,6.03
565.1,5.93
565.2,5.79
565.3,5.77
565.4,5.77
565.5,5.76
565.6,5.77
565.7,5.77
565.8,5.84
565.9,5.93
566,6
566.1,6.04
566.2,6.07
566.3,6.07
566.4,6.06
566.5,6.06
566.6,6.06
566.7,6.06
566.8,6.06
566.9,6.06
567,6.05
567.1,6.06
567.2,6.06
567.3,6.04
567.4,5.94
567.5,5.94
567.6,5.94
567.7,5.94
567.8,5.94
567.9,5.9
568,5.88
568.1,5.86
568.2,5.84
568.3,5.83
568.4,5.83
568.5,5.83
568.6,5.83
568.7,5.86
568.8,6
568.9,6.03
569,6.04
569.1,6.04
569.2,6.03
569.3,6.01
569.4,5.96
569.5,5.94
569.6,5.94
569.7,5.94
569.8,5.93
569.9,5.94
570,5.93
570.1,5.94
570.2,5.97
570.3,6
570.4,6
570.5,5.97
570.6,5.88
570.7,5.88
570.8,5.88
570.9,5.88
571,5.88
571.1,5.88
571.2,5.88
571.3,5.88
571.4,5.88
571.5,5.88
571.6,5.88
571.7,5.88
571.8,5.9
571.9,5.95
572,5.97
572.1,6.05
572.2,6.05
572.3,6.05
572.4,6.04
572.5,6.04
572.6,6.04
572.7,6.03
572.8,6.04
572.9,6.03
573,6.04
573.1,6.04
573.2,6.04
573.3,6.03
573.4,6.03
573.5,6.02
573.6,6.03
573.7,6.03
573.8,6.02
573.9,6.03
574,6.03
574.1,6.03
574.2,6.03
574.3,6.02
574.4,6.03
574.5,6.02
574.6,5.98
574.7,5.94
574.8,5.83
574.9,5.68
575,5.55
575.1,5.44
575.2,5.27
575.3,5.23
575.4,5.21
575.5,5.17
575.6,5.15
575.7,5.14
575.8,5.15
575.9,5.19
576,5.26
576.1,5.26
576.2,5.26
576.3,5.35
576.4,5.38
576.5,5.39
576.6,5.44
576.7,5.55
576.8,5.7
576.9,5.87
577,6.13
577.1,6.22
577.2,6.35
577.3,6.52
577.4,6.59
577.5,6.59
577.6,6.56
577.7,6.54
577.8,6.49
577.9,6.35
578,6.23
578.1,5.95
578.2,5.92
578.3,5.82
578.4,5.73
578.5,5.72
578.6,5.77
578.7,5.9
578.8,6.08
578.9,6.08
579,5.93
579.1,5.83
579.2,5.76
579.3,5.69
579.4,5.69
579.5,5.69
579.6,5.73
579.7,5.88
579.8,5.91
579.9,5.86
580,5.84
580.1,5.84
580.2,5.84
580.3,5.84
580.4,5.84
580.5,5.86
580.6,5.86
580.7,5.86
580.8,5.88
580.9,5.98
581,6.06
581.1,6.19
581.2,6.23
581.3,6.22
581.4,6.19
581.5,6.16
581.6,6.1
581.7,6.1
581.8,6.1
581.9,6.1
582,6.1
582.1,6.1
582.2,6.12
582.3,6.12
582.4,6.12
582.5,6.12
582.6,6.14
582.7,6.14
582.8,6.14
582.9,6.14
583,6.14
583.1,6.14
583.2,6.14
583.3,6.14
583.4,6.14
583.5,6.14
583.6,6.14
583.7,6.14
583.8,6.14
583.9,6.14
584,6.14
584.1,6.14
584.2,6.14
584.3,6.14
584.4,6.14
584.5,6.14
584.6,6.14
584.7,6.14
584.8,6.14
584.9,6.14
585,6.06
585.1,6.05
585.2,6.05
585.3,6.05
585.4,6.06
585.5,6.06
585.6,6.06
585.7,6.06
585.8,6.06
585.9,6.06
586,6.06
586.1,6.06
586.2,6.06
586.3,6.06
586.4,5.99
586.5,5.83
586.6,5.82
586.7,5.77
586.8,5.71
586.9,5.65
587,5.57
587.1,5.56
587.2,5.55
587.3,5.52
587.4,5.5
587.5,5.5
587.6,5.5
587.7,5.48
587.8,5.46
587.9,5.46
588,5.46
588.1,5.46
588.2,5.46
588.3,5.46
588.4,5.46
588.5,5.53
588.6,5.67
588.7,5.79
588.8,5.83
588.9,5.87
589,5.87
589.1,5.84
589.2,5.81
589.3,5.75
589.4,5.75
589.5,5.71
589.6,5.69
589.7,5.67
589.8,5.63
589.9,5.63
590,5.58
590.1,5.57
590.2,5.55
590.3,5.52
590.4,5.52
590.5,5.54
590.6,5.56
590.7,5.57
590.8,5.57
590.9,5.57
591,5.57
591.1,5.56
591.2,5.55
591.3,5.55
591.4,5.55
591.5,5.55
591.6,5.55
591.7,5.55
591.8,5.61
591.9,5.64
592,5.7
592.1,5.76
592.2,5.77
592.3,5.77
592.4,5.79
592.5,5.79
592.6,5.81
592.7,5.83
592.8,5.85
592.9,5.87
593,5.87
593.1,5.87
593.2,5.86
593.3,5.87
593.4,5.87
593.5,5.87
593.6,5.87
593.7,5.86
593.8,5.78
593.9,5.78
594,5.77
594.1,5.67
594.2,5.67
594.3,5.67
594.4,5.69
594.5,5.69
594.6,5.69
594.7,5.69
594.8,5.69
594.9,5.69
595,5.68
595.1,5.62
595.2,5.62
595.3,5.62
595.4,5.59
595.5,5.58
595.6,5.57
595.7,5.57
595.8,5.55
595.9,5.54
596,5.52
596.1,5.49
596.2,5.49
596.3,5.48
596.4,5.46
596.5,5.46
596.6,5.39
596.7,5.35
596.8,5.35
596.9,5.28
597,5.18
597.1,5.18
597.2,5.17
597.3,5.16
597.4,5.15
597.5,5.15
597.6,5.14
597.7,5.11
597.8,5.06
597.9,5.06
598,5.06
598.1,5.07
598.2,5.09
598.3,5.09
598.4,5.09
598.5,5.11
598.6,5.15
598.7,5.16
598.8,5.16
598.9,5.15
599,5.11
599.1,5.08
599.2,5.06
599.3,5.05
599.4,5.05
599.5,5.05
599.6,5.05
599.7,5.05
599.8,5.05
599.9,5.05
600,5.05
600.1,5.05
600.2,5.07
600.3,5.1
600.4,5.1
600.5,5.11
600.6,5.13
600.7,5.14
600.8,5.14
600.9,5.14
601,5.14
601.1,5.15
601.2,5.16
601.3,5.16
601.4,5.18
601.5,5.23
601.6,5.26
601.7,5.29
601.8,5.36
601.9,5.42
602,5.46
602.1,5.5
602.2,5.56
602.3,5.76
602.4,5.9
602.5,5.96
602.6,5.96
602.7,5.96
602.8,5.91
602.9,5.85
603,5.68
603.1,5.68
603.2,5.68
603.3,5.68
603.4,5.68
603.5,5.68
603.6,5.68
603.7,5.65
603.8,5.64
603.9,5.64
604,5.64
604.1,5.64
604.2,5.64
604.3,5.64
604.4,5.65
604.5,5.71
604.6,5.73
604.7,5.73
604.8,5.76
604.9,5.77
605,5.78
605.1,5.79
605.2,5.75
605.3,5.75
605.4,5.75
605.5,5.75
605.6,5.75
605.7,5.65
605.8,5.65
605.9,5.64
606,5.59
606.1,5.52
606.2,5.49
606.3,5.49
606.4,5.46
606.5,5.46
606.6,5.42
606.7,5.38
606.8,5.34
606.9,5.32
607,5.32
607.1,5.32
607.2,5.42
607.3,5.44
607.4,5.44
607.5,5.45
607.6,5.52
607.7,5.55
607.8,5.59
607.9,5.63
608,5.66
608.1,5.73
608.2,5.75
608.3,5.78
608.4,5.87
608.5,5.91
608.6,5.91
608.7,5.91
608.8,5.9
608.9,5.9
609,5.88
609.1,5.83
609.2,5.75
609.3,5.75
609.4,5.75
609.5,5.72
609.6,5.65
609.7,5.65
609.8,5.8
609.9,5.84
610,5.92
610.1,5.93
610.2,5.92
610.3,5.85
610.4,5.84
610.5,5.83
610.6,5.83
610.7,5.83
610.8,5.82
610.9,5.82
611,5.82
611.1,5.82
611.2,5.82
611.3,5.82
611.4,5.82
611.5,5.82
611.6,5.83
611.7,5.87
611.8,5.93
611.9,5.93
612,5.93
612.1,5.93
612.2,5.93
612.3,5.93
612.4,5.93
612.5,5.93
612.6,5.93
612.7,5.93
612.8,5.92
612.9,5.92
613,5.92
613.1,5.92
613.2,5.88
613.3,5.85
613.4,5.83
613.5,5.83
613.6,5.83
613.7,5.84
613.8,5.83
613.9,5.83
614,5.83
614.1,5.83
614.2,5.83
614.3,5.79
614.4,5.78
614.5,5.77
614.6,5.76
614.7,5.76
614.8,5.76
614.9,5.76
615,5.76
615.1,5.76
615.2,5.76
615.3,5.75
615.4,5.75
615.5,5.71
615.6,5.64
615.7,5.63
615.8,5.64
615.9,5.63
616,5.59
616.1,5.54
616.2,5.54
616.3,5.54
616.4,5.54
616.5,5.18
616.6,5.11
616.7,5.12
616.8,5.23
616.9,5.31
617,5.34
617.1,5.41
617.2,5.43
617.3,5.44
617.4,5.46
617.5,5.46
617.6,5.46
617.7,5.46
617.8,5.46
617.9,5.46
618,5.46
618.1,5.46
618.2,5.46
618.3,5.46
618.4,5.46
618.5,5.46
618.6,5.46
618.7,5.46
618.8,5.46
618.9,5.46
619,5.46
619.1,5.46
619.2,5.46
619.3,5.46
619.4,5.46
619.5,5.46
619.6,5.46
619.7,5.46
619.8,5.45
619.9,5.45
620,5.42
620.1,5.4
620.2,5.38
620.3,5.41
620.4,5.38
620.5,5.26
620.6,5.19
620.7,5.1
620.8,5.03
620.9,5.02
621,5.04
621.1,5.1
621.2,5.14
621.3,5.16
621.4,5.24
621.5,5.31
621.6,5.34
621.7,5.42
621.8,5.44
621.9,5.46
622,5.46
622.1,5.47
622.2,5.49
622.3,5.52
622.4,5.55
622.5,5.59
622.6,5.63
622.7,5.66
622.8,5.75
622.9,5.76
623,5.82
623.1,5.91
623.2,5.94
623.3,5.96
623.4,6.01
623.5,6.04
623.6,6.06
623.7,6.04
623.8,5.97
623.9,5.94
624,5.93
624.1,5.88
624.2,5.88
624.3,5.88
624.4,5.95
624.5,6.17
624.6,6.24
624.7,6.33
624.8,6.37
624.9,6.43
625,6.45
625.1,6.51
625.2,6.51
625.3,6.48
625.4,6.45
625.5,6.42
625.6,6.42
625.7,6.36
625.8,6.33
625.9,6.3
626,6.3
626.1,6.3
626.2,6.27
626.3,6.25
626.4,6.21
626.5,6.21
626.6,6.17
626.7,6.16
626.8,6.12
626.9,6.1
627,6.02
627.1,5.97
627.2,5.97
627.3,5.97
627.4,5.97
627.5,5.94
627.6,5.87
627.7,5.82
627.8,5.81
627.9,5.81
628,5.81
628.1,5.81
628.2,5.83
628.3,5.83
628.4,5.83
628.5,5.83
628.6,5.84
628.7,5.84
628.8,5.83
628.9,5.84
629,5.83
629.1,5.83
629.2,5.84
629.3,5.83
629.4,5.83
629.5,5.84
629.6,5.84
629.7,5.84
629.8,5.88
629.9,6.02
630,6.02
630.1,6.02
630.2,5.97
630.3,5.95
630.4,5.91
630.5,5.83
630.6,5.82
630.7,5.81
630.8,5.81
630.9,5.81
631,5.81
631.1,5.81
631.2,5.81
631.3,5.81
631.4,5.81
631.5,5.84
631.6,5.84
631.7,5.84
631.8,5.84
631.9,5.84
632,5.84
632.1,5.84
632.2,5.82
632.3,5.82
632.4,5.82
632.5,5.82
632.6,5.82
632.7,5.82
632.8,5.82
632.9,5.83
633,5.87
633.1,5.94
633.2,5.97
633.3,6.04
633.4,6.12
633.5,6.19
633.6,6.25
633.7,6.33
633.8,6.4
633.9,6.41
634,6.41
634.1,6.41
634.2,6.41
634.3,6.41
634.4,6.41
634.5,6.41
634.6,6.41
634.7,6.41
634.8,6.46
634.9,6.51
635,6.52
635.1,6.51
635.2,6.46
635.3,6.46
635.4,6.43
635.5,6.41
635.6,6.36
635.7,6.3
635.8,6.26
635.9,6.2
636,6.13
636.1,5.97
636.2,5.91
636.3,5.87
636.4,5.66
636.5,5.66
636.6,5.64
636.7,5.53
636.8,5.48
636.9,5.38
637,5.38
637.1,5.36
637.2,5.36
637.3,5.36
637.4,5.36
637.5,5.36
637.6,5.38
637.7,5.38
637.8,5.38
637.9,5.4
638,5.4
638.1,5.4
638.2,5.4
638.3,5.4
638.4,5.4
638.5,5.4
638.6,5.4
638.7,5.4
638.8,5.4
638.9,5.4
639,5.44
639.1,5.44
639.2,5.44
639.3,5.44
639.4,5.44
639.5,5.45
639.6,5.44
639.7,5.44
639.8,5.44
639.9,5.44
640,5.44
640.1,5.44
640.2,5.45
640.3,5.48
640.4,5.52
640.5,5.56
640.6,5.58
640.7,5.62
640.8,5.65
640.9,5.66
641,5.67
641.1,5.7
641.2,5.72
641.3,5.72
641.4,5.72
641.5,5.72
641.6,5.72
641.7,5.66
641.8,5.63
641.9,5.51
642,5.49
642.1,5.48
642.2,5.45
642.3,5.44
642.4,5.43
642.5,5.42
642.6,5.38
642.7,5.37
642.8,5.36
642.9,5.36
643,5.35
643.1,5.35
643.2,5.34
643.3,5.33
643.4,5.47
643.5,5.63
643.6,5.84
643.7,6.03
643.8,6.29
643.9,6.53
644,6.64
644.1,6.8
644.2,6.88
644.3,6.88
644.4,6.73
644.5,6.51
644.6,6.37
644.7,6.31
644.8,6.23
644.9,5.97
645,5.83
645.1,5.74
645.2,5.67
645.3,5.64
645.4,5.63
645.5,5.63
645.6,5.63
645.7,5.63
645.8,5.55
645.9,5.47
646,5.42
646.1,5.42
646.2,5.42
646.3,5.45
646.4,5.57
646.5,5.61
646.6,5.62
646.7,5.67
646.8,5.68
646.9,5.68
647,5.68
647.1,5.68
647.2,5.68
647.3,5.68
647.4,5.79
647.5,5.87
647.6,5.96
647.7,6.04
647.8,6.04
647.9,6.11
648,6.16
648.1,6.19
648.2,6.2
648.3,6.22
648.4,6.23
648.5,6.24
648.6,6.24
648.7,6.24
648.8,6.24
648.9,6.24
649,6.3
649.1,6.31
649.2,6.3
649.3,6.31
649.4,6.3
649.5,6.32
649.6,6.32
649.7,6.37
649.8,6.4
649.9,6.41
650,6.43
650.1,6.51
650.2,6.56
650.3,6.62
650.4,6.66
650.5,6.74
650.6,6.82
650.7,6.83
650.8,6.82
650.9,6.6
651,6.61
651.1,6.66
651.2,6.79
651.3,6.89
651.4,6.89
651.5,6.85
651.6,6.65
651.7,6.5
651.8,6.42
651.9,6.42
652,6.36
652.1,6.27
652.2,6.12
652.3,6.06
652.4,6.05
652.5,5.98
652.6,5.95
652.7,5.93
652.8,5.91
652.9,5.91
653,6
653.1,6.15
653.2,6.19
653.3,6.25
653.4,6.36
653.5,6.44
653.6,6.55
653.7,6.66
653.8,6.69
653.9,6.74
654,6.84
654.1,6.91
654.2,6.93
654.3,6.93
654.4,6.93
654.5,6.91
654.6,6.89
654.7,6.88
654.8,6.88
654.9,6.88
655,6.88
655.1,6.88
655.2,6.88
655.3,6.88
655.4,6.88
655.5,6.89
655.6,6.9
655.7,6.9
655.8,6.92
655.9,6.92
656,6.93
656.1,6.93
656.2,6.91
656.3,6.79
656.4,6.77
656.5,6.66
656.6,6.65
656.7,6.65
656.8,6.64
656.9,6.73
657,6.82
657.1,6.84
657.2,6.77
657.3,6.74
657.4,6.73
657.5,6.71
657.6,6.65
657.7,6.54
657.8,6.54
657.9,6.49
658,6.32
658.1,6.15
658.2,6.15
658.3,6.14
658.4,6
658.5,5.92
658.6,5.79
658.7,5.69
658.8,5.57
658.9,5.56
659,5.56
659.1,5.58
659.2,5.68
659.3,5.83
659.4,5.84
659.5,5.82
659.6,5.82
659.7,5.82
659.8,5.82
659.9,5.82
660,5.94
660.1,6.11
660.2,6.16
660.3,6.24
660.4,6.24
660.5,6.24
660.6,6.24
660.7,6.24
660.8,6.24
660.9,6.24
661,6.24
661.1,6.24
661.2,6.24
661.3,6.24
661.4,6.24
661.5,6.24
661.6,6.25
661.7,6.26
661.8,6.27
661.9,6.29
662,6.29
662.1,6.29
662.2,6.3
662.3,6.31
662.4,6.33
662.5,6.33
662.6,6.33
662.7,6.34
662.8,6.35
662.9,6.35
663,6.35
663.1,6.36
663.2,6.37
663.3,6.37
663.4,6.37
663.5,6.38
663.6,6.38
663.7,6.38
663.8,6.38
663.9,6.35
664,6.35
664.1,6.35
664.2,6.35
664.3,6.35
664.4,6.29
664.5,6.29
664.6,6.23
664.7,6.21
664.8,6.21
664.9,6.16
665,6.16
665.1,6.16
665.2,6.16
665.3,6.16
665.4,6.16
665.5,6.16
665.6,6.16
665.7,6.16
665.8,6.17
665.9,6.19
666,6.2
666.1,6.2
666.2,6.2
666.3,6.22
666.4,6.22
666.5,6.22
666.6,6.22
666.7,6.22
666.8,6.22
666.9,6.22
667,6.23
667.1,6.24
667.2,6.26
667.3,6.26
667.4,6.26
667.5,6.26
667.6,6.26
667.7,6.26
667.8,6.27
667.9,6.27
668,6.29
668.1,6.3
668.2,6.3
668.3,6.3
668.4,6.27
668.5,6.22
668.6,6.22
668.7,6.15
668.8,6.08
668.9,6.08
669,6.07
669.1,6.07
669.2,6.07
669.3,6.05
669.4,6.05
669.5,6.1
669.6,6.14
669.7,6.14
669.8,6.15
669.9,6.17
670,6.19
670.1,6.23
670.2,6.29
670.3,6.31
670.4,6.31
670.5,6.34
670.6,6.37
670.7,6.38
670.8,6.38
670.9,6.38
671,6.38
671.1,6.35
671.2,6.33
671.3,6.32
671.4,6.27
671.5,6.23
671.6,6.23
671.7,6.23
671.8,6.22
671.9,6.2
672,6.2
672.1,6.2
672.2,6.2
672.3,6.2
672.4,6.13
672.5,6.12
672.6,6.12
672.7,6.12
672.8,6.12
672.9,6.13
673,6.15
673.1,6.16
673.2,6.16
673.3,6.17
673.4,6.19
673.5,6.2
673.6,6.2
673.7,6.18
673.8,6.17
673.9,6.05
674,6.05
674.1,6.1
674.2,6.21
674.3,6.27
674.4,6.27
674.5,6.35
674.6,6.41
674.7,6.41
674.8,6.46
674.9,6.48
675,6.51
675.1,6.54
675.2,6.56
675.3,6.62
675.4,6.63
675.5,6.6
675.6,6.55
675.7,6.54
675.8,6.54
675.9,6.54
676,6.54
676.1,6.54
676.2,6.54
676.3,6.54
676.4,6.55
676.5,6.55
676.6,6.55
676.7,6.55
676.8,6.6
676.9,6.69
677,6.7
677.1,6.73
677.2,6.75
677.3,6.77
677.4,6.77
677.5,6.77
677.6,6.77
677.7,6.76
677.8,6.73
677.9,6.71
678,6.66
678.1,6.65
678.2,6.52
678.3,6.5
678.4,6.49
678.5,6.44
678.6,6.38
678.7,6.24
678.8,6.17
678.9,6.07
679,6.01
679.1,5.93
679.2,5.8
679.3,5.69
679.4,5.61
679.5,5.5
679.6,5.36
679.7,5.35
679.8,5.25
679.9,5.16
680,5.05
680.1,4.96
680.2,4.95
680.3,4.95
680.4,5
680.5,5.11
680.6,5.14
680.7,5.2
680.8,5.38
680.9,5.71
681,5.96
681.1,6.01
681.2,6.12
681.3,6.14
681.4,6.2
681.5,6.2
681.6,6.21
681.7,6.21
681.8,6.21
681.9,6.25
682,6.32
682.1,6.33
682.2,6.35
682.3,6.35
682.4,6.35
682.5,6.29
682.6,6.25
682.7,6.06
682.8,6.06
682.9,6.07
683,6.08
683.1,6.12
683.2,6.12
683.3,6.12
683.4,6.02
683.5,5.9
683.6,5.78
683.7,5.75
683.8,5.71
683.9,5.69
684,5.74
684.1,5.77
684.2,5.83
684.3,5.8
684.4,5.69
684.5,5.64
684.6,5.59
684.7,5.6
684.8,5.62
684.9,5.64
685,5.65
685.1,5.66
685.2,5.65
685.3,5.64
685.4,5.6
685.5,5.59
685.6,5.59
685.7,5.59
685.8,5.59
685.9,5.59
686,5.59
686.1,5.58
686.2,5.57
686.3,5.57
686.4,5.57
686.5,5.58
686.6,5.58
686.7,5.58
686.8,5.58
686.9,5.58
687,5.58
687.1,5.58
687.2,5.58
687.3,5.58
687.4,5.58
687.5,5.58
687.6,5.58
687.7,5.58
687.8,5.58
687.9,5.61
688,5.61
688.1,5.61
688.2,5.61
688.3,5.61
688.4,5.61
688.5,5.61
688.6,5.61
688.7,5.61
688.8,5.58
688.9,5.55
689,5.52
689.1,5.44
689.2,5.37
689.3,5.28
689.4,5.25
689.5,5.21
689.6,5.21
689.7,5.24
689.8,5.25
689.9,5.27
690,5.29
690.1,5.29
690.2,5.29
690.3,5.28
690.4,5.28
690.5,5.27
690.6,5.27
690.7,5.27
690.8,5.26
690.9,5.26
691,5.25
691.1,5.25
691.2,5.24
691.3,5.23
691.4,5.21
691.5,5.2
691.6,5.2
691.7,5.27
691.8,5.35
691.9,5.38
692,5.52
692.1,5.64
692.2,5.76
692.3,5.79
692.4,5.79
692.5,5.79
692.6,5.75
692.7,5.71
692.8,5.68
692.9,5.66
693,5.66
693.1,5.66
693.2,5.66
693.3,5.66
693.4,5.66
693.5,5.66
693.6,5.66
693.7,5.66
693.8,5.66
693.9,5.66
694,5.66
694.1,5.55
694.2,5.54
694.3,5.53
694.4,5.52
694.5,5.52
694.6,5.52
694.7,5.52
694.8,5.52
694.9,5.52
695,5.52
695.1,5.52
695.2,5.52
695.3,5.52
695.4,5.52
695.5,5.52
695.6,5.53
695.7,5.57
695.8,5.62
695.9,5.77
696,5.87
696.1,5.97
696.2,6.06
696.3,6.13
696.4,6.22
696.5,6.34
696.6,6.35
696.7,6.36
696.8,6.42
696.9,6.43
697,6.43
697.1,6.43
697.2,6.43
697.3,6.45
697.4,6.49
697.5,6.51
697.6,6.51
697.7,6.51
697.8,6.48
697.9,6.47
698,6.43
698.1,6.41
698.2,6.35
698.3,6.33
698.4,6.32
698.5,6.32
698.6,6.29
698.7,6.21
698.8,6.2
698.9,6.11
699,6.07
699.1,5.94
699.2,5.94
699.3,5.96
699.4,5.97
699.5,6.01
699.6,5.96
699.7,5.81
699.8,5.77
699.9,5.67
700,5.69
700.1,5.63
700.2,5.58
700.3,5.54
700.4,5.52
700.5,5.49
700.6,5.49
700.7,5.49
700.8,5.49
700.9,5.49
701,5.52
701.1,5.53
701.2,5.5
701.3,5.49
701.4,5.48
701.5,5.49
701.6,5.48
701.7,5.49
701.8,5.48
701.9,5.5
702,5.52
702.1,5.57
702.2,5.72
702.3,5.84
702.4,5.96
702.5,6
702.6,6
702.7,6
702.8,6
702.9,6
703,6
703.1,6
703.2,6
703.3,6
703.4,6
703.5,5.98
703.6,5.94
703.7,5.93
703.8,5.92
703.9,5.88
704,5.85
704.1,5.82
704.2,5.83
704.3,5.82
704.4,5.82
704.5,5.83
704.6,5.82
704.7,5.83
704.8,5.82
704.9,5.82
705,5.82
705.1,5.82
705.2,5.81
705.3,5.77
705.4,5.75
705.5,5.72
705.6,5.68
705.7,5.42
705.8,5.29
705.9,5.27
706,5.18
706.1,5.07
706.2,4.86
706.3,4.73
706.4,4.45
706.5,4.02
706.6,3.98
706.7,3.92
706.8,3.76
706.9,3.76
707,3.72
707.1,3.58
707.2,3.57
707.3,3.43
707.4,3.29
707.5,3.06
707.6,2.95
707.7,2.99
707.8,3.08
707.9,3.39
708,3.59
708.1,3.81
708.2,3.95
708.3,4.24
708.4,4.59
708.5,4.82
708.6,4.87
708.7,4.89
708.8,5.07
708.9,5.14
709,5.16
709.1,5.31
709.2,5.39
709.3,5.4
709.4,5.42
709.5,5.46
709.6,5.47
709.7,5.53
709.8,5.53
709.9,5.43
710,5.42
710.1,5.39
710.2,5.39
710.3,5.24
710.4,5.09
710.5,5
710.6,4.75
710.7,4.74
710.8,4.74
710.9,4.63
711,4.57
711.1,4.52
711.2,4.5
711.3,4.51
711.4,4.54
711.5,4.57
711.6,4.57
711.7,4.57
711.8,4.51
711.9,4.37
712,4.37
712.1,4.33
712.2,4.27
712.3,4.21
712.4,4.21
712.5,4.2
712.6,4.21
712.7,4.37
712.8,4.44
712.9,4.45
713,4.49
713.1,4.49
713.2,4.48
713.3,4.58
713.4,4.73
713.5,4.94
713.6,4.96
713.7,5.02
713.8,4.97
713.9,4.93
714,4.88
714.1,4.8
714.2,4.77
714.3,4.77
714.4,4.77
714.5,4.77
714.6,4.77
714.7,4.77
714.8,4.77
714.9,4.67
715,4.61
715.1,4.49
715.2,4.44
715.3,4.44
715.4,4.44
715.5,4.44
715.6,4.41
715.7,4.37
715.8,4.25
715.9,4.21
716,4.15
716.1,4.12
716.2,4.12
716.3,4.12
716.4,4.09
716.5,4.09
716.6,4.09
716.7,4.09
716.8,4.12
716.9,4.14
717,4.14
717.1,4.14
717.2,4.15
717.3,4.18
717.4,4.22
717.5,4.25
717.6,4.25
717.7,4.26
717.8,4.43
717.9,4.49
718,4.64
718.1,4.69
718.2,4.77
718.3,4.69
718.4,4.66
718.5,4.65
718.6,4.65
718.7,4.65
718.8,4.66
718.9,4.66
719,4.66
719.1,4.66
719.2,4.66
719.3,4.66
719.4,4.66
719.5,4.66
719.6,4.66
719.7,4.66
719.8,4.66
719.9,4.66
720,4.66
720.1,4.66
720.2,4.66
720.3,4.64
720.4,4.64
720.5,4.64
720.6,4.59
720.7,4.5
720.8,3.94
720.9,2.28
721,0.38
721.1,0.26
721.2,0.26
721.3,0.26
721.4,0.26
721.5,0.26
721.6,0.26
721.7,0.26
721.8,0.26
721.9,0.26
722,0.26
